new_colonynumber,pH,sample_ID,SGD_number,site,salinity,date,light_dark,P_R,umol.cm2.hr,umol.cm2.hr_uncorr,phosphate_umolL,silicate_umolL,NN_umolL,ammonia_umolL,TrisCalDate,SGD_dil,temp_C,new_pH,salinity_insitu,TA,salinity_insitu_initial,sample_ID_initial,SGD_number_initial,TA_initial
13,8.14,Cabral_Col5_Dil1_Light,0,Cabral,36.6,6/10/23,LIGHT,NP,0.3745038105991864,0.3136618814224997,0.05,3.38,0.16,0.52,6/14/23,1,27.11,7.966742367,NA,NA,NA,NA,NA,NA
14,8.14,Cabral_Col6_Dil1_Light,0,Cabral,36.6,6/10/23,LIGHT,NP,0.4719638975366522,0.39648680817551807,0.05,3.38,0.16,0.52,6/14/23,1,27.11,7.966742367,NA,NA,NA,NA,NA,NA
15,8.09,Cabral_Col7_Dil1_Light,0,Cabral,36.5,6/11/23,LIGHT,NP,0.4677849683903315,0.4138195333181064,0.03,4.24,0.54,21.41,6/14/23,1,27.436,8.012209319,NA,NA,NA,NA,NA,NA
16,8.09,Cabral_Col8_Dil1_Light,0,Cabral,36.5,6/11/23,LIGHT,NP,0.4223267081871173,0.3859351802972409,0.03,4.24,0.54,21.41,6/14/23,1,27.436,8.012209319,NA,NA,NA,NA,NA,NA
18,8.06,Cabral_Col10_Dil1_Light,0,Cabral,36.3,6/12/23,LIGHT,NP,0.4680538287639433,0.4415526068673187,0.03,2.58,0.23,0.16,6/14/23,1,28.172,7.976166127,NA,NA,NA,NA,NA,NA
17,8.06,Cabral_Col9_Dil1_Light,0,Cabral,36.3,6/12/23,LIGHT,NP,0.4369254900860945,0.41071140514512594,0.03,2.58,0.23,0.16,6/14/23,1,28.172,7.976166127,NA,NA,NA,NA,NA,NA
1,8.06,Varari_Col1_Dil1_Light,0,Varari,37.3,6/17/23,LIGHT,NP,0.3695817933906963,0.27942996921407837,0.03,4.88,2.52,4.96,6/14/23,1,27.714,7.994816177,NA,NA,NA,NA,NA,NA
2,8.06,Varari_Col2_Dil1_Light,0,Varari,37.3,6/17/23,LIGHT,NP,0.5359267640765599,0.44738763156725225,0.03,4.88,2.52,4.96,6/14/23,1,27.714,7.994816177,NA,NA,NA,NA,NA,NA
3,8.06,Varari_Col3_Dil1_Light,0,Varari,37.3,6/17/23,LIGHT,NP,0.5678873034540387,0.5118379767411307,0.03,4.88,2.52,4.96,6/14/23,1,27.714,7.994816177,NA,NA,NA,NA,NA,NA
4,8.09,Varari_Col4_Dil1_Light,0,Varari,36.4,6/18/23,LIGHT,NP,0.2835269637347547,0.2531739096433075,0.05,3.63,0.99,1.49,6/14/23,1,28.695,8.012340938,NA,NA,NA,NA,NA,NA
6,8.09,Varari_Col6_Dil1_Light,0,Varari,36.4,6/21/23,LIGHT,NP,0.7400282389870363,0.601528804378401,0.1,2.27,0.48,6.9,6/14/23,1,29.092,8.00330754,NA,NA,NA,NA,NA,NA
7,8.08,Varari_Col7_Dil1_Light,0,Varari,36.4,6/22/23,LIGHT,NP,0.5091736507777165,0.4614450073347366,0.03,2.45,0.6,4.44,6/14/23,1,28.503,8.003403586,NA,NA,NA,NA,NA,NA
8,8.08,Varari_Col8_Dil1_Light,0,Varari,36.4,6/22/23,LIGHT,NP,0.4290933869428805,0.3940742515422595,0.03,2.45,0.6,4.44,6/14/23,1,28.503,8.003403586,NA,NA,NA,NA,NA,NA
13,8.05,Cabral_Col5_Dil2_Light,0.01,Cabral,36.5,6/10/23,LIGHT,NP,0.3553606263066536,0.3146226782549535,0.05,3.49,1.04,0.57,6/14/23,2,27.224,7.969949566,NA,NA,NA,NA,NA,NA
14,8.05,Cabral_Col6_Dil2_Light,0.01,Cabral,36.5,6/10/23,LIGHT,NP,0.4832204609429711,0.4527824562862295,0.05,3.49,1.04,0.57,6/14/23,2,27.224,7.969949566,NA,NA,NA,NA,NA,NA
15,8.09,Cabral_Col7_Dil2_Light,0.01,Cabral,36.6,6/11/23,LIGHT,NP,0.3856687163038517,0.3514702588475429,0.03,3.04,1.02,17.21,6/14/23,2,27.345,8.008691364,NA,NA,NA,NA,NA,NA
16,8.09,Cabral_Col8_Dil2_Light,0.01,Cabral,36.6,6/11/23,LIGHT,NP,0.4136128752094841,0.3918394244445147,0.03,3.04,1.02,17.21,6/14/23,2,27.345,8.008691364,NA,NA,NA,NA,NA,NA
18,8.08,Cabral_Col10_Dil2_Light,0.01,Cabral,36.6,6/12/23,LIGHT,NP,0.4629407595705717,0.397618194858603,0.03,2.98,0.07,<0.02,6/14/23,2,27.982,7.991198619,NA,NA,NA,NA,NA,NA
17,8.08,Cabral_Col9_Dil2_Light,0.01,Cabral,36.6,6/12/23,LIGHT,NP,0.5657996700057396,0.4850468960010133,0.03,2.98,0.07,<0.02,6/14/23,2,27.982,7.991198619,NA,NA,NA,NA,NA,NA
1,8.09,Varari_Col1_Dil2_Light,0.01,Varari,37.4,6/17/23,LIGHT,NP,0.45151526963611366,0.40545351616791014,0.06,4.51,4.67,4.07,6/14/23,2,27.764,8.021108644,NA,NA,NA,NA,NA,NA
2,8.09,Varari_Col2_Dil2_Light,0.01,Varari,37.4,6/17/23,LIGHT,NP,0.47815683218934846,0.4268182993129015,0.06,4.51,4.67,4.07,6/14/23,2,27.764,8.021108644,NA,NA,NA,NA,NA,NA
3,8.09,Varari_Col3_Dil2_Light,0.01,Varari,37.4,6/17/23,LIGHT,NP,0.4731329832403995,0.4481419938208414,0.06,4.51,4.67,4.07,6/14/23,2,27.764,8.021108644,NA,NA,NA,NA,NA,NA
4,8.01,Varari_Col4_Dil2_Light,0.01,Varari,36.7,6/18/23,LIGHT,NP,0.288550064096281,0.2739386545839155,0.07,3.65,3.26,3.59,6/14/23,2,28.644,7.926842749,NA,NA,NA,NA,NA,NA
5,8.11,Varari_Col5_Dil2_Light,0.01,Varari,36.4,6/21/23,LIGHT,NP,0.31221954266549284,0.23921734796490457,0.04,1.78,0.52,1.77,6/14/23,2,29.187,8.025282823,NA,NA,NA,NA,NA,NA
6,8.11,Varari_Col6_Dil2_Light,0.01,Varari,36.4,6/21/23,LIGHT,NP,0.7052351937041381,0.6184888250845412,0.04,1.78,0.52,1.77,6/14/23,2,29.187,8.025282823,NA,NA,NA,NA,NA,NA
7,8.05,Varari_Col7_Dil2_Light,0.01,Varari,36.4,6/22/23,LIGHT,NP,0.5179364896284577,0.47362465428751666,0.06,2.55,0.72,1.64,6/14/23,2,27.7,7.981415001,NA,NA,NA,NA,NA,NA
8,8.05,Varari_Col8_Dil2_Light,0.01,Varari,36.4,6/22/23,LIGHT,NP,0.4172079194419686,0.37825956102078817,0.06,2.55,0.72,1.64,6/14/23,2,27.7,7.981415001,NA,NA,NA,NA,NA,NA
13,8.07,Cabral_Col5_Dil3_Light,0.03,Cabral,36.6,6/10/23,LIGHT,NP,0.34787668267882577,0.3266307471706389,0.04,4.11,0.28,0.7,6/14/23,3,26.984,7.998755982,NA,NA,NA,NA,NA,NA
14,8.07,Cabral_Col6_Dil3_Light,0.03,Cabral,36.6,6/10/23,LIGHT,NP,0.38707246254734967,0.3731873144269764,0.04,4.11,0.28,0.7,6/14/23,3,26.984,7.998755982,NA,NA,NA,NA,NA,NA
15,8.08,Cabral_Col7_Dil3_Light,0.03,Cabral,36.5,6/11/23,LIGHT,NP,0.40026442936179624,0.3772592791116982,0.04,5.16,1.78,2.98,6/14/23,3,27.68,8.000333893,NA,NA,NA,NA,NA,NA
16,8.08,Cabral_Col8_Dil3_Light,0.03,Cabral,36.5,6/11/23,LIGHT,NP,0.28290733416342867,0.26444950822349195,0.04,5.16,1.78,2.98,6/14/23,3,27.68,8.000333893,NA,NA,NA,NA,NA,NA
18,8.05,Cabral_Col10_Dil3_Light,0.03,Cabral,36.4,6/12/23,LIGHT,NP,0.2786782708616909,0.2493780651163409,0.07,3.15,0.8,6.67,6/14/23,3,28.395,7.963168175,NA,NA,NA,NA,NA,NA
17,8.05,Cabral_Col9_Dil3_Light,0.03,Cabral,36.4,6/12/23,LIGHT,NP,0.6388193761023545,0.5954924138675628,0.07,3.15,0.8,6.67,6/14/23,3,28.395,7.963168175,NA,NA,NA,NA,NA,NA
1,8.07,Varari_Col1_Dil3_Light,0.03,Varari,37.4,6/17/23,LIGHT,NP,0.2608255307266537,0.2355344814518165,0.07,4.53,3.03,4.95,6/14/23,3,27.81,8.002025445,NA,NA,NA,NA,NA,NA
2,8.07,Varari_Col2_Dil3_Light,0.03,Varari,37.4,6/17/23,LIGHT,NP,0.397421244553725,0.35327191662453505,0.07,4.53,3.03,4.95,6/14/23,3,27.81,8.002025445,NA,NA,NA,NA,NA,NA
3,8.07,Varari_Col3_Dil3_Light,0.03,Varari,37.4,6/17/23,LIGHT,NP,0.2646858497221476,0.22405260574387867,0.07,4.53,3.03,4.95,6/14/23,3,27.81,8.002025445,NA,NA,NA,NA,NA,NA
4,8.06,Varari_Col4_Dil3_Light,0.03,Varari,36.7,6/18/23,LIGHT,NP,0.12664821571651988,0.11680471361090372,0.03,3.14,2.63,0.52,6/14/23,3,28.724,7.974131193,NA,NA,NA,NA,NA,NA
5,8.12,Varari_Col5_Dil3_Light,0.03,Varari,36.3,6/21/23,LIGHT,NP,0.3315103344039255,0.29902751421505824,0.04,1.93,1.79,7.35,6/14/23,3,29.115,8.032791308,NA,NA,NA,NA,NA,NA
6,8.12,Varari_Col6_Dil3_Light,0.03,Varari,36.3,6/21/23,LIGHT,NP,0.49972425112959035,0.46598517699774694,0.04,1.93,1.79,7.35,6/14/23,3,29.115,8.032791308,NA,NA,NA,NA,NA,NA
7,8.1,Varari_Col7_Dil3_Light,0.03,Varari,36.4,6/22/23,LIGHT,NP,0.3112568607635486,0.2877897834562339,0.11,2.39,0.83,1.67,6/14/23,3,28.492,8.023610541,NA,NA,NA,NA,NA,NA
8,8.1,Varari_Col8_Dil3_Light,0.03,Varari,36.4,6/22/23,LIGHT,NP,0.3359869563498972,0.3193504993995217,0.11,2.39,0.83,1.67,6/14/23,3,28.492,8.023610541,NA,NA,NA,NA,NA,NA
13,8.06,Cabral_Col5_Dil4_Light,0.05,Cabral,36.5,6/10/23,LIGHT,NP,0.3435219797465797,0.32559350556955535,0.05,3.13,3.25,0.76,6/14/23,4,27.108,7.985024902,NA,NA,NA,NA,NA,NA
14,8.06,Cabral_Col6_Dil4_Light,0.05,Cabral,36.5,6/10/23,LIGHT,NP,0.4722832331559537,0.4439481222452819,0.05,3.13,3.25,0.76,6/14/23,4,27.108,7.985024902,NA,NA,NA,NA,NA,NA
15,8.06,Cabral_Col7_Dil4_Light,0.05,Cabral,36.5,6/11/23,LIGHT,NP,0.3289581921263592,0.30596673878145003,0.03,3.79,0.14,0.86,6/14/23,4,27.788,7.977017858,NA,NA,NA,NA,NA,NA
16,8.06,Cabral_Col8_Dil4_Light,0.05,Cabral,36.5,6/11/23,LIGHT,NP,0.45281368560213753,0.4367408526843369,0.03,3.79,0.14,0.86,6/14/23,4,27.788,7.977017858,NA,NA,NA,NA,NA,NA
18,8.09,Cabral_Col10_Dil4_Light,0.05,Cabral,36.6,6/12/23,LIGHT,NP,0.3803271160766388,0.3439905894141078,0.04,4.14,0.86,2.16,6/14/23,4,28.219,8.002864299,NA,NA,NA,NA,NA,NA
17,8.09,Cabral_Col9_Dil4_Light,0.05,Cabral,36.6,6/12/23,LIGHT,NP,0.6807445090637716,0.6121583681177822,0.04,4.14,0.86,2.16,6/14/23,4,28.219,8.002864299,NA,NA,NA,NA,NA,NA
1,8.06,Varari_Col1_Dil4_Light,0.05,Varari,37.3,6/17/23,LIGHT,NP,0.4775372466197446,0.45104662467103046,0.08,4.82,1.87,3.32,6/14/23,4,27.795,7.98863231,NA,NA,NA,NA,NA,NA
2,8.06,Varari_Col2_Dil4_Light,0.05,Varari,37.3,6/17/23,LIGHT,NP,0.690244194496623,0.6597191012086708,0.08,4.82,1.87,3.32,6/14/23,4,27.795,7.98863231,NA,NA,NA,NA,NA,NA
3,8.06,Varari_Col3_Dil4_Light,0.05,Varari,37.3,6/17/23,LIGHT,NP,0.3567552317457728,0.331427542629758,0.08,4.82,1.87,3.32,6/14/23,4,27.795,7.98863231,NA,NA,NA,NA,NA,NA
4,8.06,Varari_Col4_Dil4_Light,0.05,Varari,36.5,6/18/23,LIGHT,NP,Inf,Inf,0.06,2.89,1.63,0.79,6/14/23,4,28.809,7.977524233,NA,NA,NA,NA,NA,NA
5,8.11,Varari_Col5_Dil4_Light,0.05,Varari,36.3,6/21/23,LIGHT,NP,0.46909969416920394,0.3865724277534723,0.04,1.86,0.28,0.22,6/14/23,4,29.11,8.024526644,NA,NA,NA,NA,NA,NA
6,8.11,Varari_Col6_Dil4_Light,0.05,Varari,36.3,6/21/23,LIGHT,NP,0.9946501620279422,0.8914987135435447,0.04,1.86,0.28,0.22,6/14/23,4,29.11,8.024526644,NA,NA,NA,NA,NA,NA
7,8.1,Varari_Col7_Dil4_Light,0.05,Varari,36.4,6/22/23,LIGHT,NP,0.5190378575259456,0.4784141511981067,0.06,2.24,0.47,2.25,6/14/23,4,27.717,8.029750313,NA,NA,NA,NA,NA,NA
8,8.1,Varari_Col8_Dil4_Light,0.05,Varari,36.4,6/22/23,LIGHT,NP,0.46272096998545614,0.4223943570002675,0.06,2.24,0.47,2.25,6/14/23,4,27.717,8.029750313,NA,NA,NA,NA,NA,NA
13,8.07,Cabral_Col5_Dil5_Light,0.1,Cabral,36.5,6/10/23,LIGHT,NP,0.4229616176638163,0.4025604985343304,0.06,5.23,0.17,0.43,6/14/23,5,27.058,7.995809965,NA,NA,NA,NA,NA,NA
14,8.07,Cabral_Col6_Dil5_Light,0.1,Cabral,36.5,6/10/23,LIGHT,NP,0.47576322471676474,0.4646031641860723,0.06,5.23,0.17,0.43,6/14/23,5,27.058,7.995809965,NA,NA,NA,NA,NA,NA
15,8.06,Cabral_Col7_Dil5_Light,0.1,Cabral,36.5,6/11/23,LIGHT,NP,0.45728418617426886,0.4413718514454813,0.03,4.33,0.45,0.95,6/14/23,5,27.779,7.973796473,NA,NA,NA,NA,NA,NA
16,8.06,Cabral_Col8_Dil5_Light,0.1,Cabral,36.5,6/11/23,LIGHT,NP,0.3684566755562728,0.3497394535319174,0.03,4.33,0.45,0.95,6/14/23,5,27.779,7.973796473,NA,NA,NA,NA,NA,NA
18,8.1,Cabral_Col10_Dil5_Light,0.1,Cabral,36.4,6/12/23,LIGHT,NP,0.5233348440788429,0.49081073145572646,0.04,3.67,0.51,12.78,6/14/23,5,28.251,8.007015023,NA,NA,NA,NA,NA,NA
17,8.1,Cabral_Col9_Dil5_Light,0.1,Cabral,36.4,6/12/23,LIGHT,NP,0.4726463657632525,0.44402021259217817,0.04,3.67,0.51,12.78,6/14/23,5,28.251,8.007015023,NA,NA,NA,NA,NA,NA
1,8.07,Varari_Col1_Dil5_Light,0.1,Varari,37.3,6/17/23,LIGHT,NP,0.43843824851530055,0.4103902775439838,0.05,5.27,2.5,6.31,6/14/23,5,27.816,7.996704636,NA,NA,NA,NA,NA,NA
2,8.07,Varari_Col2_Dil5_Light,0.1,Varari,37.3,6/17/23,LIGHT,NP,0.6983529189988639,0.653671745928574,0.05,5.27,2.5,6.31,6/14/23,5,27.816,7.996704636,NA,NA,NA,NA,NA,NA
3,8.07,Varari_Col3_Dil5_Light,0.1,Varari,37.3,6/17/23,LIGHT,NP,0.5508072043259767,0.5269527654909973,0.05,5.27,2.5,6.31,6/14/23,5,27.816,7.996704636,NA,NA,NA,NA,NA,NA
4,8.07,Varari_Col4_Dil5_Light,0.1,Varari,36.6,6/18/23,LIGHT,NP,0.22615847650653303,0.2119155212184484,0.03,3.33,3.14,4.89,6/14/23,5,28.728,7.983888717,NA,NA,NA,NA,NA,NA
5,8.12,Varari_Col5_Dil5_Light,0.1,Varari,36.3,6/21/23,LIGHT,NP,0.2561754065494553,0.20001968848118143,0.27,2.63,1.32,9.69,6/14/23,5,29.156,8.028865456,NA,NA,NA,NA,NA,NA
6,8.12,Varari_Col6_Dil5_Light,0.1,Varari,36.3,6/21/23,LIGHT,NP,0.6257878543582729,0.5871094233211386,0.27,2.63,1.32,9.69,6/14/23,5,29.156,8.028865456,NA,NA,NA,NA,NA,NA
7,8.11,Varari_Col7_Dil5_Light,0.1,Varari,36.5,6/22/23,LIGHT,NP,0.4476500559401644,0.4210110327024878,0.05,2.68,0.7,3.11,6/14/23,5,27.629,8.036250694,NA,NA,NA,NA,NA,NA
8,8.11,Varari_Col8_Dil5_Light,0.1,Varari,36.5,6/22/23,LIGHT,NP,0.3185269383923768,0.29446431305338017,0.05,2.68,0.7,3.11,6/14/23,5,27.629,8.036250694,NA,NA,NA,NA,NA,NA
13,8.07,Cabral_Col5_Dil6_Light,0.5,Cabral,36.4,6/10/23,LIGHT,NP,0.3977738223319793,0.3711187958486132,0.13,6.59,0.4,2,6/14/23,6,27.294,7.992232149,NA,NA,NA,NA,NA,NA
14,8.07,Cabral_Col6_Dil6_Light,0.5,Cabral,36.4,6/10/23,LIGHT,NP,0.27357768470147303,0.2635384663371922,0.13,6.59,0.4,2,6/14/23,6,27.294,7.992232149,NA,NA,NA,NA,NA,NA
15,8.09,Cabral_Col7_Dil6_Light,0.5,Cabral,36.3,6/11/23,LIGHT,NP,0.26544242020509273,0.24566880248513903,0.04,6.59,0.6,8.48,6/14/23,6,27.685,8.009902878,NA,NA,NA,NA,NA,NA
16,8.09,Cabral_Col8_Dil6_Light,0.5,Cabral,36.3,6/11/23,LIGHT,NP,0.2817879216606953,0.2635478328905498,0.04,6.59,0.6,8.48,6/14/23,6,27.685,8.009902878,NA,NA,NA,NA,NA,NA
18,8.07,Cabral_Col10_Dil6_Light,0.5,Cabral,36.3,6/12/23,LIGHT,NP,0.3187415139237002,0.30518909653208187,0.04,6.04,0.37,2.01,6/14/23,6,28.313,7.977503903,NA,NA,NA,NA,NA,NA
17,8.07,Cabral_Col9_Dil6_Light,0.5,Cabral,36.3,6/12/23,LIGHT,NP,0.4074704416790543,0.39247503062180367,0.04,6.04,0.37,2.01,6/14/23,6,28.313,7.977503903,NA,NA,NA,NA,NA,NA
1,8.07,Varari_Col1_Dil6_Light,0.5,Varari,37.1,6/17/23,LIGHT,NP,0.2950276799066215,0.26368236224311614,0.05,7.07,2.23,4.4,6/14/23,6,27.818,7.996255731,NA,NA,NA,NA,NA,NA
2,8.07,Varari_Col2_Dil6_Light,0.5,Varari,37.1,6/17/23,LIGHT,NP,0.4297989747031459,0.40633441885986565,0.05,7.07,2.23,4.4,6/14/23,6,27.818,7.996255731,NA,NA,NA,NA,NA,NA
3,8.07,Varari_Col3_Dil6_Light,0.5,Varari,37.1,6/17/23,LIGHT,NP,0.5068784201373742,0.46074458359584225,0.05,7.07,2.23,4.4,6/14/23,6,27.818,7.996255731,NA,NA,NA,NA,NA,NA
4,8.08,Varari_Col4_Dil6_Light,0.5,Varari,36.5,6/18/23,LIGHT,NP,0.2341753051144144,0.22489490406789395,0.02,4.82,2.84,1.24,6/14/23,6,28.782,7.994600756,NA,NA,NA,NA,NA,NA
5,8.09,Varari_Col5_Dil6_Light,0.5,Varari,36.2,6/21/23,LIGHT,NP,0.27233213586700006,0.2504376324150797,0.05,4.94,0.29,5.38,6/14/23,6,29.155,8.007009687,NA,NA,NA,NA,NA,NA
6,8.09,Varari_Col6_Dil6_Light,0.5,Varari,36.2,6/21/23,LIGHT,NP,0.5211711300778618,0.4802988100846904,0.05,4.94,0.29,5.38,6/14/23,6,29.155,8.007009687,NA,NA,NA,NA,NA,NA
7,8.12,Varari_Col7_Dil6_Light,0.5,Varari,36.3,6/22/23,LIGHT,NP,0.38298071159946434,0.3396241153880072,0.08,5.11,0.76,2.35,6/14/23,6,27.767,8.052272678,NA,NA,NA,NA,NA,NA
8,8.12,Varari_Col8_Dil6_Light,0.5,Varari,36.3,6/22/23,LIGHT,NP,0.10585039215502272,0.09420740527559976,0.08,5.11,0.76,2.35,6/14/23,6,27.767,8.052272678,NA,NA,NA,NA,NA,NA
13,8.06,Cabral_Col5_Dil7_Light,1,Cabral,36.1,6/10/23,LIGHT,NP,0.35350590883172966,0.33949350630661224,0.09,8.39,0.06,0.31,6/14/23,7,27.269,7.983581663,NA,NA,NA,NA,NA,NA
14,8.06,Cabral_Col6_Dil7_Light,1,Cabral,36.1,6/10/23,LIGHT,NP,0.35724517421801727,0.34487440798919755,0.09,8.39,0.06,0.31,6/14/23,7,27.269,7.983581663,NA,NA,NA,NA,NA,NA
15,8.05,Cabral_Col7_Dil7_Light,1,Cabral,36.2,6/11/23,LIGHT,NP,0.5491057578546766,0.5320764049525086,0.05,9.41,0.46,10.63,6/14/23,7,27.602,7.963967371,NA,NA,NA,NA,NA,NA
16,8.05,Cabral_Col8_Dil7_Light,1,Cabral,36.2,6/11/23,LIGHT,NP,0.35265689712324494,0.3393782804291435,0.05,9.41,0.46,10.63,6/14/23,7,27.602,7.963967371,NA,NA,NA,NA,NA,NA
18,8.08,Cabral_Col10_Dil7_Light,1,Cabral,36.1,6/12/23,LIGHT,NP,0.3150401602841942,0.28722619613453676,0.06,9.83,0.31,0.96,6/14/23,7,28.899,7.982119028,NA,NA,NA,NA,NA,NA
17,8.08,Cabral_Col9_Dil7_Light,1,Cabral,36.1,6/12/23,LIGHT,NP,0.4057342979118644,0.34836814034524355,0.06,9.83,0.31,0.96,6/14/23,7,28.899,7.982119028,NA,NA,NA,NA,NA,NA
1,8.06,Varari_Col1_Dil7_Light,1,Varari,37,6/17/23,LIGHT,NP,0.4176926441629063,0.4017719510808909,0.07,10.06,2.58,1.99,6/14/23,7,27.829,7.987516818,NA,NA,NA,NA,NA,NA
2,8.06,Varari_Col2_Dil7_Light,1,Varari,37,6/17/23,LIGHT,NP,0.6171915788349578,0.560799184151564,0.07,10.06,2.58,1.99,6/14/23,7,27.829,7.987516818,NA,NA,NA,NA,NA,NA
3,8.06,Varari_Col3_Dil7_Light,1,Varari,37,6/17/23,LIGHT,NP,0.338971419467032,0.30508403137662404,0.07,10.06,2.58,1.99,6/14/23,7,27.829,7.987516818,NA,NA,NA,NA,NA,NA
4,8.1,Varari_Col4_Dil7_Light,1,Varari,36.1,6/18/23,LIGHT,NP,0.3033783785052028,0.2888428013209431,0.04,8.07,1.08,0.48,6/14/23,7,28.788,8.015414786,NA,NA,NA,NA,NA,NA
5,8.09,Varari_Col5_Dil7_Light,1,Varari,36,6/21/23,LIGHT,NP,0.34046537698665713,0.30484133389616097,0.2,5.55,3.05,15.29,6/14/23,7,29.13,8.001972866,NA,NA,NA,NA,NA,NA
6,8.09,Varari_Col6_Dil7_Light,1,Varari,36,6/21/23,LIGHT,NP,0.4883665094092231,0.40668371457261704,0.2,5.55,3.05,15.29,6/14/23,7,29.13,8.001972866,NA,NA,NA,NA,NA,NA
7,8.15,Varari_Col7_Dil7_Light,1,Varari,36,6/22/23,LIGHT,NP,0.43822504760680697,0.4015488115214408,0.08,6.75,0.86,0.98,6/14/23,7,27.83,8.074193563,NA,NA,NA,NA,NA,NA
8,8.15,Varari_Col8_Dil7_Light,1,Varari,36,6/22/23,LIGHT,NP,Inf,Inf,0.08,6.75,0.86,0.98,6/14/23,7,27.83,8.074193563,NA,NA,NA,NA,NA,NA
13,8.07,Cabral_Col5_Dil8_Light,2,Cabral,35.9,6/10/23,LIGHT,NP,0.25907097585605804,0.2407899375342556,0.09,15.42,0.24,0.88,6/14/23,8,26.909,7.998371579,NA,NA,NA,NA,NA,NA
14,8.07,Cabral_Col6_Dil8_Light,2,Cabral,35.9,6/10/23,LIGHT,NP,0.3593411357224547,0.32954203628788414,0.09,15.42,0.24,0.88,6/14/23,8,26.909,7.998371579,NA,NA,NA,NA,NA,NA
15,8.05,Cabral_Col7_Dil8_Light,2,Cabral,35.9,6/11/23,LIGHT,NP,Inf,Inf,0.06,13.9,0.17,23.37,6/14/23,8,27.452,7.965480921,NA,NA,NA,NA,NA,NA
16,8.05,Cabral_Col8_Dil8_Light,2,Cabral,35.9,6/11/23,LIGHT,NP,0.3529928780026242,0.33844160337733387,0.06,13.9,0.17,23.37,6/14/23,8,27.452,7.965480921,NA,NA,NA,NA,NA,NA
18,8.08,Cabral_Col10_Dil8_Light,2,Cabral,35.8,6/12/23,LIGHT,NP,0.3815432427229737,0.35870566529395403,0.04,15.57,0.24,2.42,6/14/23,8,28.199,7.991501772,NA,NA,NA,NA,NA,NA
17,8.08,Cabral_Col9_Dil8_Light,2,Cabral,35.8,6/12/23,LIGHT,NP,0.38629482005102506,0.36500696532713256,0.04,15.57,0.24,2.42,6/14/23,8,28.199,7.991501772,NA,NA,NA,NA,NA,NA
1,8.06,Varari_Col1_Dil8_Light,2,Varari,36.6,6/17/23,LIGHT,NP,0.4143565186838692,0.3762272345470201,0.09,13.55,2.78,3.81,6/14/23,8,27.793,7.9938993,NA,NA,NA,NA,NA,NA
2,8.06,Varari_Col2_Dil8_Light,2,Varari,36.6,6/17/23,LIGHT,NP,0.44107888237173304,0.4168313549195084,0.09,13.55,2.78,3.81,6/14/23,8,27.793,7.9938993,NA,NA,NA,NA,NA,NA
3,8.06,Varari_Col3_Dil8_Light,2,Varari,36.6,6/17/23,LIGHT,NP,0.5880419408946032,0.5656602161327633,0.09,13.55,2.78,3.81,6/14/23,8,27.793,7.9938993,NA,NA,NA,NA,NA,NA
4,8.07,Varari_Col4_Dil8_Light,2,Varari,36,6/18/23,LIGHT,NP,0.2584800171615925,0.23922787048196925,0.07,13.59,3.54,1.73,6/14/23,8,28.741,7.987511582,NA,NA,NA,NA,NA,NA
5,8.1,Varari_Col5_Dil8_Light,2,Varari,35.9,6/21/23,LIGHT,NP,0.3083615810585036,0.2464473108460372,0.07,9.9,1.02,5.44,6/14/23,8,28.909,8.019957013,NA,NA,NA,NA,NA,NA
6,8.1,Varari_Col6_Dil8_Light,2,Varari,35.9,6/21/23,LIGHT,NP,0.6140482084066635,0.5206668389003902,0.07,9.9,1.02,5.44,6/14/23,8,28.909,8.019957013,NA,NA,NA,NA,NA,NA
7,8.08,Varari_Col7_Dil8_Light,2,Varari,36,6/22/23,LIGHT,NP,0.3671237843607702,0.3347783809473742,0.09,11.23,1.13,1.51,6/14/23,8,27.54,8.014719841,NA,NA,NA,NA,NA,NA
8,8.08,Varari_Col8_Dil8_Light,2,Varari,36,6/22/23,LIGHT,NP,0.31421747801377525,0.2848987770458329,0.09,11.23,1.13,1.51,6/14/23,8,27.54,8.014719841,NA,NA,NA,NA,NA,NA
13,8.08,Cabral_Col5_Dil9_Light,4,Cabral,35.2,6/10/23,LIGHT,NP,0.2788310475397363,0.26087860567674903,0.12,24.72,0.04,0.39,6/14/23,9,27.163,7.99836625,NA,NA,NA,NA,NA,NA
14,8.08,Cabral_Col6_Dil9_Light,4,Cabral,35.2,6/10/23,LIGHT,NP,0.44332031027477714,0.4309337680540669,0.12,24.72,0.04,0.39,6/14/23,9,27.163,7.99836625,NA,NA,NA,NA,NA,NA
15,8.08,Cabral_Col7_Dil9_Light,4,Cabral,35.1,6/11/23,LIGHT,NP,0.2572332269576225,0.24328111394589613,0.06,23.61,1.31,18.74,6/14/23,9,27.734,7.995066862,NA,NA,NA,NA,NA,NA
16,8.08,Cabral_Col8_Dil9_Light,4,Cabral,35.1,6/11/23,LIGHT,NP,0.31723042245858396,0.2966394022567558,0.06,23.61,1.31,18.74,6/14/23,9,27.734,7.995066862,NA,NA,NA,NA,NA,NA
18,8.1,Cabral_Col10_Dil9_Light,4,Cabral,35.1,6/12/23,LIGHT,NP,0.4016882247416221,0.37308824245244265,0.07,25.7,0.32,1.99,6/14/23,9,28.389,8.004134508,NA,NA,NA,NA,NA,NA
17,8.1,Cabral_Col9_Dil9_Light,4,Cabral,35.1,6/12/23,LIGHT,NP,0.46963559817290584,0.4387178113031637,0.07,25.7,0.32,1.99,6/14/23,9,28.389,8.004134508,NA,NA,NA,NA,NA,NA
1,8.03,Varari_Col1_Dil9_Light,4,Varari,35.9,6/17/23,LIGHT,NP,0.3881100738471099,0.34427686209914443,0.13,22.86,3.21,5.31,6/14/23,9,27.887,7.959322072,NA,NA,NA,NA,NA,NA
2,8.03,Varari_Col2_Dil9_Light,4,Varari,35.9,6/17/23,LIGHT,NP,0.6632155462478181,0.6045906648760765,0.13,22.86,3.21,5.31,6/14/23,9,27.887,7.959322072,NA,NA,NA,NA,NA,NA
3,8.03,Varari_Col3_Dil9_Light,4,Varari,35.9,6/17/23,LIGHT,NP,0.4874828452156932,0.4483488521523381,0.13,22.86,3.21,5.31,6/14/23,9,27.887,7.959322072,NA,NA,NA,NA,NA,NA
4,8.06,Varari_Col4_Dil9_Light,4,Varari,35.3,6/18/23,LIGHT,NP,0.3163892129827145,0.29586632161563614,1.07,18.09,4.47,22.62,6/14/23,9,28.826,7.979925701,NA,NA,NA,NA,NA,NA
5,8.11,Varari_Col5_Dil9_Light,4,Varari,35,6/21/23,LIGHT,NP,0.392730334093491,0.3414081571714602,0.07,19.77,3.24,3.75,6/14/23,9,29.067,8.017619563,NA,NA,NA,NA,NA,NA
6,8.11,Varari_Col6_Dil9_Light,4,Varari,35,6/21/23,LIGHT,NP,0.5282091976194865,0.4912272796432894,0.07,19.77,3.24,3.75,6/14/23,9,29.067,8.017619563,NA,NA,NA,NA,NA,NA
7,8.06,Varari_Col7_Dil9_Light,4,Varari,35.2,6/22/23,LIGHT,NP,0.3269407336902223,0.2963827788423011,0.12,21.43,2.05,9.87,6/14/23,9,27.611,7.983610439,NA,NA,NA,NA,NA,NA
8,8.06,Varari_Col8_Dil9_Light,4,Varari,35.2,6/22/23,LIGHT,NP,0.5311884750454654,0.4905047512575646,0.12,21.43,2.05,9.87,6/14/23,9,27.611,7.983610439,NA,NA,NA,NA,NA,NA
13,8.14,Cabral_Col5_Dil1_Dark,0,Cabral,36.6,6/10/23,DARK,R,0.4392357367617106,0.48995335780355315,0.05,3.38,0.16,0.52,6/14/23,1,27.11,7.966742367,NA,NA,NA,NA,NA,NA
14,8.14,Cabral_Col6_Dil1_Dark,0,Cabral,36.6,6/10/23,DARK,R,0.4527847556909504,0.5157021954789396,0.05,3.38,0.16,0.52,6/14/23,1,27.11,7.966742367,NA,NA,NA,NA,NA,NA
15,8.09,Cabral_Col7_Dil1_Dark,0,Cabral,36.5,6/11/23,DARK,R,0.44750049253606466,0.496199341407645,0.03,4.24,0.54,21.41,6/14/23,1,27.436,8.012209319,NA,NA,NA,NA,NA,NA
16,8.09,Cabral_Col8_Dil1_Dark,0,Cabral,36.5,6/11/23,DARK,R,0.345120480205372,0.3779604918636328,0.03,4.24,0.54,21.41,6/14/23,1,27.436,8.012209319,NA,NA,NA,NA,NA,NA
18,8.06,Cabral_Col10_Dil1_Dark,0,Cabral,36.3,6/12/23,DARK,R,0.3792423753863472,0.4014465976542521,0.03,2.58,0.23,0.16,6/14/23,1,28.172,7.976166127,NA,NA,NA,NA,NA,NA
17,8.06,Cabral_Col9_Dil1_Dark,0,Cabral,36.3,6/12/23,DARK,R,0.33187177295456327,0.35383541564430426,0.03,2.58,0.23,0.16,6/14/23,1,28.172,7.976166127,NA,NA,NA,NA,NA,NA
1,8.06,Varari_Col1_Dil1_Dark,0,Varari,37.3,6/17/23,DARK,R,0.3716749889962369,0.47602571509720626,0.03,4.88,2.52,4.96,6/14/23,1,27.714,7.994816177,NA,NA,NA,NA,NA,NA
2,8.06,Varari_Col2_Dil1_Dark,0,Varari,37.3,6/17/23,DARK,R,0.37644138657150167,0.47892542225330537,0.03,4.88,2.52,4.96,6/14/23,1,27.714,7.994816177,NA,NA,NA,NA,NA,NA
3,8.06,Varari_Col3_Dil1_Dark,0,Varari,37.3,6/17/23,DARK,R,0.30978976802107133,0.3746668572356383,0.03,4.88,2.52,4.96,6/14/23,1,27.714,7.994816177,NA,NA,NA,NA,NA,NA
4,8.09,Varari_Col4_Dil1_Dark,0,Varari,36.4,6/18/23,DARK,R,0.3558666625323219,0.39194182570260494,0.05,3.63,0.99,1.49,6/14/23,1,28.695,8.012340938,NA,NA,NA,NA,NA,NA
6,8.09,Varari_Col6_Dil1_Dark,0,Varari,36.4,6/21/23,DARK,R,0.32704711935172853,0.4543795139424957,0.1,2.27,0.48,6.9,6/14/23,1,29.092,8.00330754,NA,NA,NA,NA,NA,NA
7,8.08,Varari_Col7_Dil1_Dark,0,Varari,36.4,6/22/23,DARK,R,0.2780534678304392,0.33597521001071606,0.03,2.45,0.6,4.44,6/14/23,1,28.503,8.003403586,NA,NA,NA,NA,NA,NA
8,8.08,Varari_Col8_Dil1_Dark,0,Varari,36.4,6/22/23,DARK,R,0.2560192913138998,0.2985172377404354,0.03,2.45,0.6,4.44,6/14/23,1,28.503,8.003403586,NA,NA,NA,NA,NA,NA
13,8.05,Cabral_Col5_Dil2_Dark,0.01,Cabral,36.5,6/10/23,DARK,R,0.4804914737317189,0.5179024585625268,0.05,3.49,1.04,0.57,6/14/23,2,27.224,7.969949566,NA,NA,NA,NA,NA,NA
14,8.05,Cabral_Col6_Dil2_Dark,0.01,Cabral,36.5,6/10/23,DARK,R,0.4918843598159794,0.5198365710821994,0.05,3.49,1.04,0.57,6/14/23,2,27.224,7.969949566,NA,NA,NA,NA,NA,NA
15,8.09,Cabral_Col7_Dil2_Dark,0.01,Cabral,36.6,6/11/23,DARK,R,0.32785900295100817,0.357264476328349,0.03,3.04,1.02,17.21,6/14/23,2,27.345,8.008691364,NA,NA,NA,NA,NA,NA
16,8.09,Cabral_Col8_Dil2_Dark,0.01,Cabral,36.6,6/11/23,DARK,R,0.38027797956362613,0.398999836466679,0.03,3.04,1.02,17.21,6/14/23,2,27.345,8.008691364,NA,NA,NA,NA,NA,NA
18,8.08,Cabral_Col10_Dil2_Dark,0.01,Cabral,36.6,6/12/23,DARK,R,0.4508337120271729,0.5053674434118169,0.03,2.98,0.07,<0.02,6/14/23,2,27.982,7.991198619,NA,NA,NA,NA,NA,NA
17,8.08,Cabral_Col9_Dil2_Dark,0.01,Cabral,36.6,6/12/23,DARK,R,0.3244900230109403,0.3919054728720469,0.03,2.98,0.07,<0.02,6/14/23,2,27.982,7.991198619,NA,NA,NA,NA,NA,NA
1,8.09,Varari_Col1_Dil2_Dark,0.01,Varari,37.4,6/17/23,DARK,R,0.37712463235516464,0.4303770441339252,0.06,4.51,4.67,4.07,6/14/23,2,27.764,8.021108644,NA,NA,NA,NA,NA,NA
2,8.09,Varari_Col2_Dil2_Dark,0.01,Varari,37.4,6/17/23,DARK,R,0.26408871238845155,0.3234416567947299,0.06,4.51,4.67,4.07,6/14/23,2,27.764,8.021108644,NA,NA,NA,NA,NA,NA
3,8.09,Varari_Col3_Dil2_Dark,0.01,Varari,37.4,6/17/23,DARK,R,0.2951897654363845,0.32408207541428463,0.06,4.51,4.67,4.07,6/14/23,2,27.764,8.021108644,NA,NA,NA,NA,NA,NA
4,8.01,Varari_Col4_Dil2_Dark,0.01,Varari,36.7,6/18/23,DARK,R,0.47628698750615706,0.4883833045237064,0.07,3.65,3.26,3.59,6/14/23,2,28.644,7.926842749,NA,NA,NA,NA,NA,NA
5,8.11,Varari_Col5_Dil2_Dark,0.01,Varari,36.4,6/21/23,DARK,R,0.33808904024022557,0.4047247251158707,0.04,1.78,0.52,1.77,6/14/23,2,29.187,8.025282823,NA,NA,NA,NA,NA,NA
6,8.11,Varari_Col6_Dil2_Dark,0.01,Varari,36.4,6/21/23,DARK,R,0.34760362544574047,0.4267848570121311,0.04,1.78,0.52,1.77,6/14/23,2,29.187,8.025282823,NA,NA,NA,NA,NA,NA
7,8.05,Varari_Col7_Dil2_Dark,0.01,Varari,36.4,6/22/23,DARK,R,0.29542219969709593,0.3433405801008431,0.06,2.55,0.72,1.64,6/14/23,2,27.7,7.981415001,NA,NA,NA,NA,NA,NA
8,8.05,Varari_Col8_Dil2_Dark,0.01,Varari,36.4,6/22/23,DARK,R,0.2674978769315645,0.3096162464499502,0.06,2.55,0.72,1.64,6/14/23,2,27.7,7.981415001,NA,NA,NA,NA,NA,NA
13,8.07,Cabral_Col5_Dil3_Dark,0.03,Cabral,36.6,6/10/23,DARK,R,0.3753795364944531,0.3921308996165033,0.04,4.11,0.28,0.7,6/14/23,3,26.984,7.998755982,NA,NA,NA,NA,NA,NA
14,8.07,Cabral_Col6_Dil3_Dark,0.03,Cabral,36.6,6/10/23,DARK,R,0.307717979130642,0.3186657276107312,0.04,4.11,0.28,0.7,6/14/23,3,26.984,7.998755982,NA,NA,NA,NA,NA,NA
15,8.08,Cabral_Col7_Dil3_Dark,0.03,Cabral,36.5,6/11/23,DARK,R,0.2906853471602816,0.31051009762592024,0.04,5.16,1.78,2.98,6/14/23,3,27.68,8.000333893,NA,NA,NA,NA,NA,NA
16,8.08,Cabral_Col8_Dil3_Dark,0.03,Cabral,36.5,6/11/23,DARK,R,0.2913300729493589,0.3072361543884871,0.04,5.16,1.78,2.98,6/14/23,3,27.68,8.000333893,NA,NA,NA,NA,NA,NA
18,8.05,Cabral_Col10_Dil3_Dark,0.03,Cabral,36.4,6/12/23,DARK,R,0.19509421872483507,0.222145218617126,0.07,3.15,0.8,6.67,6/14/23,3,28.395,7.963168175,NA,NA,NA,NA,NA,NA
17,8.05,Cabral_Col9_Dil3_Dark,0.03,Cabral,36.4,6/12/23,DARK,R,0.29212098679321613,0.3321219909135591,0.07,3.15,0.8,6.67,6/14/23,3,28.395,7.963168175,NA,NA,NA,NA,NA,NA
1,8.07,Varari_Col1_Dil3_Dark,0.03,Varari,37.4,6/17/23,DARK,R,0.25653025899347554,0.28483835234840266,0.07,4.53,3.03,4.95,6/14/23,3,27.81,8.002025445,NA,NA,NA,NA,NA,NA
2,8.07,Varari_Col2_Dil3_Dark,0.03,Varari,37.4,6/17/23,DARK,R,0.23047711941709584,0.2798931512707147,0.07,4.53,3.03,4.95,6/14/23,3,27.81,8.002025445,NA,NA,NA,NA,NA,NA
3,8.07,Varari_Col3_Dil3_Dark,0.03,Varari,37.4,6/17/23,DARK,R,0.21520113298130472,0.26068163682875806,0.07,4.53,3.03,4.95,6/14/23,3,27.81,8.002025445,NA,NA,NA,NA,NA,NA
4,8.06,Varari_Col4_Dil3_Dark,0.03,Varari,36.7,6/18/23,DARK,R,0.329709990160547,0.3420638417432504,0.03,3.14,2.63,0.52,6/14/23,3,28.724,7.974131193,NA,NA,NA,NA,NA,NA
5,8.12,Varari_Col5_Dil3_Dark,0.03,Varari,36.3,6/21/23,DARK,R,0.2872755820637667,0.31720732550597275,0.04,1.93,1.79,7.35,6/14/23,3,29.115,8.032791308,NA,NA,NA,NA,NA,NA
6,8.12,Varari_Col6_Dil3_Dark,0.03,Varari,36.3,6/21/23,DARK,R,0.25270977278309775,0.28379910877732945,0.04,1.93,1.79,7.35,6/14/23,3,29.115,8.032791308,NA,NA,NA,NA,NA,NA
7,8.1,Varari_Col7_Dil3_Dark,0.03,Varari,36.4,6/22/23,DARK,R,0.2211134431884029,0.24570021433956268,0.11,2.39,0.83,1.67,6/14/23,3,28.492,8.023610541,NA,NA,NA,NA,NA,NA
8,8.1,Varari_Col8_Dil3_Dark,0.03,Varari,36.4,6/22/23,DARK,R,0.20593446683419184,0.22336470556603033,0.11,2.39,0.83,1.67,6/14/23,3,28.492,8.023610541,NA,NA,NA,NA,NA,NA
13,8.06,Cabral_Col5_Dil4_Dark,0.05,Cabral,36.5,6/10/23,DARK,R,0.3134957344420478,0.32915626179108437,0.05,3.13,3.25,0.76,6/14/23,4,27.108,7.985024902,NA,NA,NA,NA,NA,NA
14,8.06,Cabral_Col6_Dil4_Dark,0.05,Cabral,36.5,6/10/23,DARK,R,0.3754587926692009,0.4002095201975493,0.05,3.13,3.25,0.76,6/14/23,4,27.108,7.985024902,NA,NA,NA,NA,NA,NA
15,8.06,Cabral_Col7_Dil4_Dark,0.05,Cabral,36.5,6/11/23,DARK,R,0.3460177364762045,0.3662673841033128,0.03,3.79,0.14,0.86,6/14/23,4,27.788,7.977017858,NA,NA,NA,NA,NA,NA
16,8.06,Cabral_Col8_Dil4_Dark,0.05,Cabral,36.5,6/11/23,DARK,R,0.3815493991557245,0.3957054943826023,0.03,3.79,0.14,0.86,6/14/23,4,27.788,7.977017858,NA,NA,NA,NA,NA,NA
18,8.09,Cabral_Col10_Dil4_Dark,0.05,Cabral,36.6,6/12/23,DARK,R,0.32321251756499897,0.3536304920078096,0.04,4.14,0.86,2.16,6/14/23,4,28.219,8.002864299,NA,NA,NA,NA,NA,NA
17,8.09,Cabral_Col9_Dil4_Dark,0.05,Cabral,36.6,6/12/23,DARK,R,0.30651046949360333,0.36392518889707853,0.04,4.14,0.86,2.16,6/14/23,4,28.219,8.002864299,NA,NA,NA,NA,NA,NA
1,8.06,Varari_Col1_Dil4_Dark,0.05,Varari,37.3,6/17/23,DARK,R,0.4091955358856986,0.4353698869819123,0.08,4.82,1.87,3.32,6/14/23,4,27.795,7.98863231,NA,NA,NA,NA,NA,NA
2,8.06,Varari_Col2_Dil4_Dark,0.05,Varari,37.3,6/17/23,DARK,R,0.3517307623357659,0.3818914173219097,0.08,4.82,1.87,3.32,6/14/23,4,27.795,7.98863231,NA,NA,NA,NA,NA,NA
3,8.06,Varari_Col3_Dil4_Dark,0.05,Varari,37.3,6/17/23,DARK,R,0.31055536573100034,0.335580668219623,0.08,4.82,1.87,3.32,6/14/23,4,27.795,7.98863231,NA,NA,NA,NA,NA,NA
4,8.06,Varari_Col4_Dil4_Dark,0.05,Varari,36.5,6/18/23,DARK,R,Inf,Inf,0.06,2.89,1.63,0.79,6/14/23,4,28.809,7.977524233,NA,NA,NA,NA,NA,NA
5,8.11,Varari_Col5_Dil4_Dark,0.05,Varari,36.3,6/21/23,DARK,R,0.29539506241799746,0.393419784806263,0.04,1.86,0.28,0.22,6/14/23,4,29.11,8.024526644,NA,NA,NA,NA,NA,NA
6,8.11,Varari_Col6_Dil4_Dark,0.05,Varari,36.3,6/21/23,DARK,R,0.4062934098090356,0.5288152446011192,0.04,1.86,0.28,0.22,6/14/23,4,29.11,8.024526644,NA,NA,NA,NA,NA,NA
7,8.1,Varari_Col7_Dil4_Dark,0.05,Varari,36.4,6/22/23,DARK,R,0.2647747592569835,0.3062129803844296,0.06,2.24,0.47,2.25,6/14/23,4,27.717,8.029750313,NA,NA,NA,NA,NA,NA
8,8.1,Varari_Col8_Dil4_Dark,0.05,Varari,36.4,6/22/23,DARK,R,0.2749268438337668,0.31606201482765583,0.06,2.24,0.47,2.25,6/14/23,4,27.717,8.029750313,NA,NA,NA,NA,NA,NA
13,8.07,Cabral_Col5_Dil5_Dark,0.1,Cabral,36.5,6/10/23,DARK,R,0.46844826022504193,0.4836089497464543,0.06,5.23,0.17,0.43,6/14/23,5,27.058,7.995809965,NA,NA,NA,NA,NA,NA
14,8.07,Cabral_Col6_Dil5_Dark,0.1,Cabral,36.5,6/10/23,DARK,R,0.33946854972700985,0.3477619287162762,0.06,5.23,0.17,0.43,6/14/23,5,27.058,7.995809965,NA,NA,NA,NA,NA,NA
15,8.06,Cabral_Col7_Dil5_Dark,0.1,Cabral,36.5,6/11/23,DARK,R,0.3965246368311297,0.41341928158980046,0.03,4.33,0.45,0.95,6/14/23,5,27.779,7.973796473,NA,NA,NA,NA,NA,NA
16,8.06,Cabral_Col8_Dil5_Dark,0.1,Cabral,36.5,6/11/23,DARK,R,0.40961631223390255,0.4294889973150282,0.03,4.33,0.45,0.95,6/14/23,5,27.779,7.973796473,NA,NA,NA,NA,NA,NA
18,8.1,Cabral_Col10_Dil5_Dark,0.1,Cabral,36.4,6/12/23,DARK,R,0.32574462656086905,0.35137801966550736,0.04,3.67,0.51,12.78,6/14/23,5,28.251,8.007015023,NA,NA,NA,NA,NA,NA
17,8.1,Cabral_Col9_Dil5_Dark,0.1,Cabral,36.4,6/12/23,DARK,R,0.27275157956740215,0.29531285420725806,0.04,3.67,0.51,12.78,6/14/23,5,28.251,8.007015023,NA,NA,NA,NA,NA,NA
1,8.07,Varari_Col1_Dil5_Dark,0.1,Varari,37.3,6/17/23,DARK,R,0.382364770509568,0.40880783387323666,0.05,5.27,2.5,6.31,6/14/23,5,27.816,7.996704636,NA,NA,NA,NA,NA,NA
2,8.07,Varari_Col2_Dil5_Dark,0.1,Varari,37.3,6/17/23,DARK,R,0.3453481858444735,0.3874726978766982,0.05,5.27,2.5,6.31,6/14/23,5,27.816,7.996704636,NA,NA,NA,NA,NA,NA
3,8.07,Varari_Col3_Dil5_Dark,0.1,Varari,37.3,6/17/23,DARK,R,0.3162611318945671,0.3387506174357206,0.05,5.27,2.5,6.31,6/14/23,5,27.816,7.996704636,NA,NA,NA,NA,NA,NA
4,8.07,Varari_Col4_Dil5_Dark,0.1,Varari,36.6,6/18/23,DARK,R,0.4940809330047992,0.5089699561449673,0.03,3.33,3.14,4.89,6/14/23,5,28.728,7.983888717,NA,NA,NA,NA,NA,NA
5,8.12,Varari_Col5_Dil5_Dark,0.1,Varari,36.3,6/21/23,DARK,R,0.29790192110407154,0.34429863438386205,0.27,2.63,1.32,9.69,6/14/23,5,29.156,8.028865456,NA,NA,NA,NA,NA,NA
6,8.12,Varari_Col6_Dil5_Dark,0.1,Varari,36.3,6/21/23,DARK,R,0.2980116824879761,0.3299683938732756,0.27,2.63,1.32,9.69,6/14/23,5,29.156,8.028865456,NA,NA,NA,NA,NA,NA
7,8.11,Varari_Col7_Dil5_Dark,0.1,Varari,36.5,6/22/23,DARK,R,0.2962150366926231,0.3212874951152281,0.05,2.68,0.7,3.11,6/14/23,5,27.629,8.036250694,NA,NA,NA,NA,NA,NA
8,8.11,Varari_Col8_Dil5_Dark,0.1,Varari,36.5,6/22/23,DARK,R,0.2574447216254746,0.2800922927457787,0.05,2.68,0.7,3.11,6/14/23,5,27.629,8.036250694,NA,NA,NA,NA,NA,NA
13,8.07,Cabral_Col5_Dil6_Dark,0.5,Cabral,36.4,6/10/23,DARK,R,0.3832337564267067,0.39652749329489617,0.13,6.59,0.4,2,6/14/23,6,27.294,7.992232149,NA,NA,NA,NA,NA,NA
14,8.07,Cabral_Col6_Dil6_Dark,0.5,Cabral,36.4,6/10/23,DARK,R,0.30468983410960404,0.3096967219241905,0.13,6.59,0.4,2,6/14/23,6,27.294,7.992232149,NA,NA,NA,NA,NA,NA
15,8.09,Cabral_Col7_Dil6_Dark,0.5,Cabral,36.3,6/11/23,DARK,R,0.3229126624645419,0.3469341593624562,0.04,6.59,0.6,8.48,6/14/23,6,27.685,8.009902878,NA,NA,NA,NA,NA,NA
16,8.09,Cabral_Col8_Dil6_Dark,0.5,Cabral,36.3,6/11/23,DARK,R,0.3817997880300324,0.4039583147101344,0.04,6.59,0.6,8.48,6/14/23,6,27.685,8.009902878,NA,NA,NA,NA,NA,NA
18,8.07,Cabral_Col10_Dil6_Dark,0.5,Cabral,36.3,6/12/23,DARK,R,0.2737800010077637,0.2797312126499883,0.04,6.04,0.37,2.01,6/14/23,6,28.313,7.977503903,NA,NA,NA,NA,NA,NA
17,8.07,Cabral_Col9_Dil6_Dark,0.5,Cabral,36.3,6/12/23,DARK,R,0.2709208796520268,0.2775057465643348,0.04,6.04,0.37,2.01,6/14/23,6,28.313,7.977503903,NA,NA,NA,NA,NA,NA
1,8.07,Varari_Col1_Dil6_Dark,0.5,Varari,37.1,6/17/23,DARK,R,0.2809810201871565,0.31691637827223545,0.05,7.07,2.23,4.4,6/14/23,6,27.818,7.996255731,NA,NA,NA,NA,NA,NA
2,8.07,Varari_Col2_Dil6_Dark,0.5,Varari,37.1,6/17/23,DARK,R,0.24789261231228943,0.27479319202845337,0.05,7.07,2.23,4.4,6/14/23,6,27.818,7.996255731,NA,NA,NA,NA,NA,NA
3,8.07,Varari_Col3_Dil6_Dark,0.5,Varari,37.1,6/17/23,DARK,R,0.2855133596525224,0.3384027881073705,0.05,7.07,2.23,4.4,6/14/23,6,27.818,7.996255731,NA,NA,NA,NA,NA,NA
4,8.08,Varari_Col4_Dil6_Dark,0.5,Varari,36.5,6/18/23,DARK,R,0.3187558733635713,0.3266824366853992,0.02,4.82,2.84,1.24,6/14/23,6,28.782,7.994600756,NA,NA,NA,NA,NA,NA
5,8.09,Varari_Col5_Dil6_Dark,0.5,Varari,36.2,6/21/23,DARK,R,0.2586232974328773,0.2793538311307806,0.05,4.94,0.29,5.38,6/14/23,6,29.155,8.007009687,NA,NA,NA,NA,NA,NA
6,8.09,Varari_Col6_Dil6_Dark,0.5,Varari,36.2,6/21/23,DARK,R,0.256234930498913,0.29493436978012727,0.05,4.94,0.29,5.38,6/14/23,6,29.155,8.007009687,NA,NA,NA,NA,NA,NA
7,8.12,Varari_Col7_Dil6_Dark,0.5,Varari,36.3,6/22/23,DARK,R,0.18943098356980576,0.23224756521451617,0.08,5.11,0.76,2.35,6/14/23,6,27.767,8.052272678,NA,NA,NA,NA,NA,NA
8,8.12,Varari_Col8_Dil6_Dark,0.5,Varari,36.3,6/22/23,DARK,R,0.07519531589030896,0.0866932871766105,0.08,5.11,0.76,2.35,6/14/23,6,27.767,8.052272678,NA,NA,NA,NA,NA,NA
13,8.06,Cabral_Col5_Dil7_Dark,1,Cabral,36.1,6/10/23,DARK,R,0.4453775554876532,0.4541339310783213,0.09,8.39,0.06,0.31,6/14/23,7,27.269,7.983581663,NA,NA,NA,NA,NA,NA
14,8.06,Cabral_Col6_Dil7_Dark,1,Cabral,36.1,6/10/23,DARK,R,0.3386362680069621,0.34636678211756716,0.09,8.39,0.06,0.31,6/14/23,7,27.269,7.983581663,NA,NA,NA,NA,NA,NA
15,8.05,Cabral_Col7_Dil7_Dark,1,Cabral,36.2,6/11/23,DARK,R,0.33852873902225344,0.35581878412157736,0.05,9.41,0.46,10.63,6/14/23,7,27.602,7.963967371,NA,NA,NA,NA,NA,NA
16,8.05,Cabral_Col8_Dil7_Dark,1,Cabral,36.2,6/11/23,DARK,R,0.3417167776169904,0.35519866872680605,0.05,9.41,0.46,10.63,6/14/23,7,27.602,7.963967371,NA,NA,NA,NA,NA,NA
18,8.08,Cabral_Col10_Dil7_Dark,1,Cabral,36.1,6/12/23,DARK,R,0.18628176431785437,0.21616810695661787,0.06,9.83,0.31,0.96,6/14/23,7,28.899,7.982119028,NA,NA,NA,NA,NA,NA
17,8.08,Cabral_Col9_Dil7_Dark,1,Cabral,36.1,6/12/23,DARK,R,0.2040774141026195,0.2657178416116354,0.06,9.83,0.31,0.96,6/14/23,7,28.899,7.982119028,NA,NA,NA,NA,NA,NA
1,8.06,Varari_Col1_Dil7_Dark,1,Varari,37,6/17/23,DARK,R,0.3493207957383515,0.3604535410134228,0.07,10.06,2.58,1.99,6/14/23,7,27.829,7.987516818,NA,NA,NA,NA,NA,NA
2,8.06,Varari_Col2_Dil7_Dark,1,Varari,37,6/17/23,DARK,R,0.28558195344994175,0.32501504610661097,0.07,10.06,2.58,1.99,6/14/23,7,27.829,7.987516818,NA,NA,NA,NA,NA,NA
3,8.06,Varari_Col3_Dil7_Dark,1,Varari,37,6/17/23,DARK,R,0.2897316051908125,0.31342778837232005,0.07,10.06,2.58,1.99,6/14/23,7,27.829,7.987516818,NA,NA,NA,NA,NA,NA
4,8.1,Varari_Col4_Dil7_Dark,1,Varari,36.1,6/18/23,DARK,R,0.4280889476115811,0.4340673447246236,0.04,8.07,1.08,0.48,6/14/23,7,28.788,8.015414786,NA,NA,NA,NA,NA,NA
5,8.09,Varari_Col5_Dil7_Dark,1,Varari,36,6/21/23,DARK,R,0.31065202882342274,0.34139018302645546,0.2,5.55,3.05,15.29,6/14/23,7,29.13,8.001972866,NA,NA,NA,NA,NA,NA
6,8.09,Varari_Col6_Dil7_Dark,1,Varari,36,6/21/23,DARK,R,0.15929309816093537,0.2297729798813826,0.2,5.55,3.05,15.29,6/14/23,7,29.13,8.001972866,NA,NA,NA,NA,NA,NA
7,8.15,Varari_Col7_Dil7_Dark,1,Varari,36,6/22/23,DARK,R,0.2171472054907707,0.25836533669514106,0.08,6.75,0.86,0.98,6/14/23,7,27.83,8.074193563,NA,NA,NA,NA,NA,NA
8,8.15,Varari_Col8_Dil7_Dark,1,Varari,36,6/22/23,DARK,R,Inf,Inf,0.08,6.75,0.86,0.98,6/14/23,7,27.83,8.074193563,NA,NA,NA,NA,NA,NA
13,8.07,Cabral_Col5_Dil8_Dark,2,Cabral,35.9,6/10/23,DARK,R,0.3749274683740264,0.39003673014028784,0.09,15.42,0.24,0.88,6/14/23,8,26.909,7.998371579,NA,NA,NA,NA,NA,NA
14,8.07,Cabral_Col6_Dil8_Dark,2,Cabral,35.9,6/10/23,DARK,R,0.44593890877191583,0.4705678377107501,0.09,15.42,0.24,0.88,6/14/23,8,26.909,7.998371579,NA,NA,NA,NA,NA,NA
15,8.05,Cabral_Col7_Dil8_Dark,2,Cabral,35.9,6/11/23,DARK,R,Inf,Inf,0.06,13.9,0.17,23.37,6/14/23,8,27.452,7.965480921,NA,NA,NA,NA,NA,NA
16,8.05,Cabral_Col8_Dil8_Dark,2,Cabral,35.9,6/11/23,DARK,R,0.439373367601629,0.44887613354495265,0.06,13.9,0.17,23.37,6/14/23,8,27.452,7.965480921,NA,NA,NA,NA,NA,NA
18,8.08,Cabral_Col10_Dil8_Dark,2,Cabral,35.8,6/12/23,DARK,R,0.328103793173952,0.339128425291826,0.04,15.57,0.24,2.42,6/14/23,8,28.199,7.991501772,NA,NA,NA,NA,NA,NA
17,8.08,Cabral_Col9_Dil8_Dark,2,Cabral,35.8,6/12/23,DARK,R,0.3364456218972866,0.3467221395200114,0.04,15.57,0.24,2.42,6/14/23,8,28.199,7.991501772,NA,NA,NA,NA,NA,NA
1,8.06,Varari_Col1_Dil8_Dark,2,Varari,36.6,6/17/23,DARK,R,0.3844454297736319,0.4334505115985467,0.09,13.55,2.78,3.81,6/14/23,8,27.793,7.9938993,NA,NA,NA,NA,NA,NA
2,8.06,Varari_Col2_Dil8_Dark,2,Varari,36.6,6/17/23,DARK,R,0.3630997199562361,0.39426348538606715,0.09,13.55,2.78,3.81,6/14/23,8,27.793,7.9938993,NA,NA,NA,NA,NA,NA
3,8.06,Varari_Col3_Dil8_Dark,2,Varari,36.6,6/17/23,DARK,R,0.2500762588459261,0.2788420297793671,0.09,13.55,2.78,3.81,6/14/23,8,27.793,7.9938993,NA,NA,NA,NA,NA,NA
4,8.07,Varari_Col4_Dil8_Dark,2,Varari,36,6/18/23,DARK,R,0.4978053554179664,0.5143583746504613,0.07,13.59,3.54,1.73,6/14/23,8,28.741,7.987511582,NA,NA,NA,NA,NA,NA
5,8.1,Varari_Col5_Dil8_Dark,2,Varari,35.9,6/21/23,DARK,R,0.2984429080330178,0.3624556604009588,0.07,9.9,1.02,5.44,6/14/23,8,28.909,8.019957013,NA,NA,NA,NA,NA,NA
6,8.1,Varari_Col6_Dil8_Dark,2,Varari,35.9,6/21/23,DARK,R,0.25678749149737656,0.35333386863258964,0.07,9.9,1.02,5.44,6/14/23,8,28.909,8.019957013,NA,NA,NA,NA,NA,NA
7,8.08,Varari_Col7_Dil8_Dark,2,Varari,36,6/22/23,DARK,R,0.2529892512081215,0.28845065987623564,0.09,11.23,1.13,1.51,6/14/23,8,27.54,8.014719841,NA,NA,NA,NA,NA,NA
8,8.08,Varari_Col8_Dil8_Dark,2,Varari,36,6/22/23,DARK,R,0.1884444419289238,0.2205875697593175,0.09,11.23,1.13,1.51,6/14/23,8,27.54,8.014719841,NA,NA,NA,NA,NA,NA
13,8.08,Cabral_Col5_Dil9_Dark,4,Cabral,35.2,6/10/23,DARK,R,0.46570189348240265,0.4982633940755584,0.12,24.72,0.04,0.39,6/14/23,9,27.163,7.99836625,NA,NA,NA,NA,NA,NA
14,8.08,Cabral_Col6_Dil9_Dark,4,Cabral,35.2,6/10/23,DARK,R,0.504670591931134,0.5271368616979418,0.12,24.72,0.04,0.39,6/14/23,9,27.163,7.99836625,NA,NA,NA,NA,NA,NA
15,8.08,Cabral_Col7_Dil9_Dark,4,Cabral,35.1,6/11/23,DARK,R,0.3025553620237051,0.31240334547768656,0.06,23.61,1.31,18.74,6/14/23,9,27.734,7.995066862,NA,NA,NA,NA,NA,NA
16,8.08,Cabral_Col8_Dil9_Dark,4,Cabral,35.1,6/11/23,DARK,R,0.3496966188645087,0.3642306199923502,0.06,23.61,1.31,18.74,6/14/23,9,27.734,7.995066862,NA,NA,NA,NA,NA,NA
18,8.1,Cabral_Col10_Dil9_Dark,4,Cabral,35.1,6/12/23,DARK,R,0.2806209534885239,0.2927372775778265,0.07,25.7,0.32,1.99,6/14/23,9,28.389,8.004134508,NA,NA,NA,NA,NA,NA
17,8.1,Cabral_Col9_Dil9_Dark,4,Cabral,35.1,6/12/23,DARK,R,0.28265429737293685,0.29575255463932376,0.07,25.7,0.32,1.99,6/14/23,9,28.389,8.004134508,NA,NA,NA,NA,NA,NA
1,8.03,Varari_Col1_Dil9_Dark,4,Varari,35.9,6/17/23,DARK,R,0.3188570015064876,0.3618711366582469,0.13,22.86,3.21,5.31,6/14/23,9,27.887,7.959322072,NA,NA,NA,NA,NA,NA
2,8.03,Varari_Col2_Dil9_Dark,4,Varari,35.9,6/17/23,DARK,R,0.3069604300664419,0.3644898345983149,0.13,22.86,3.21,5.31,6/14/23,9,27.887,7.959322072,NA,NA,NA,NA,NA,NA
3,8.03,Varari_Col3_Dil9_Dark,4,Varari,35.9,6/17/23,DARK,R,0.2263295588828843,0.2647322859368357,0.13,22.86,3.21,5.31,6/14/23,9,27.887,7.959322072,NA,NA,NA,NA,NA,NA
4,8.06,Varari_Col4_Dil9_Dark,4,Varari,35.3,6/18/23,DARK,R,0.3465012995892335,0.3655340450516767,1.07,18.09,4.47,22.62,6/14/23,9,28.826,7.979925701,NA,NA,NA,NA,NA,NA
5,8.11,Varari_Col5_Dil9_Dark,4,Varari,35,6/21/23,DARK,R,0.2742864154539049,0.3318574038173214,0.07,19.77,3.24,3.75,6/14/23,9,29.067,8.017619563,NA,NA,NA,NA,NA,NA
6,8.11,Varari_Col6_Dil9_Dark,4,Varari,35,6/21/23,DARK,R,0.2601093440205227,0.30159405291545116,0.07,19.77,3.24,3.75,6/14/23,9,29.067,8.017619563,NA,NA,NA,NA,NA,NA
7,8.06,Varari_Col7_Dil9_Dark,4,Varari,35.2,6/22/23,DARK,R,0.2188076236534075,0.2506827762530715,0.12,21.43,2.05,9.87,6/14/23,9,27.611,7.983610439,NA,NA,NA,NA,NA,NA
8,8.06,Varari_Col8_Dil9_Dark,4,Varari,35.2,6/22/23,DARK,R,0.2961880244353371,0.33862541628684506,0.12,21.43,2.05,9.87,6/14/23,9,27.611,7.983610439,NA,NA,NA,NA,NA,NA
1,NA,NA,0,Varari,NA,6/17/23,LIGHT,GP,0.7412567823869332,0.7554556843112846,NA,NA,NA,NA,NA,NA,NA,NA,NA,NA,NA,NA,NA,NA
1,NA,NA,0.01,Varari,NA,6/17/23,LIGHT,GP,0.8286399019912782,0.8358305603018353,NA,NA,NA,NA,NA,NA,NA,NA,NA,NA,NA,NA,NA,NA
1,NA,NA,0.03,Varari,NA,6/17/23,LIGHT,GP,0.5173557897201293,0.5203728338002191,NA,NA,NA,NA,NA,NA,NA,NA,NA,NA,NA,NA,NA,NA
1,NA,NA,0.05,Varari,NA,6/17/23,LIGHT,GP,0.8867327825054433,0.8864165116529428,NA,NA,NA,NA,NA,NA,NA,NA,NA,NA,NA,NA,NA,NA
1,NA,NA,0.1,Varari,NA,6/17/23,LIGHT,GP,0.8208030190248685,0.8191981114172204,NA,NA,NA,NA,NA,NA,NA,NA,NA,NA,NA,NA,NA,NA
1,NA,NA,0.5,Varari,NA,6/17/23,LIGHT,GP,0.5760087000937779,0.5805987405153517,NA,NA,NA,NA,NA,NA,NA,NA,NA,NA,NA,NA,NA,NA
1,NA,NA,1,Varari,NA,6/17/23,LIGHT,GP,0.7670134399012578,0.7622254920943137,NA,NA,NA,NA,NA,NA,NA,NA,NA,NA,NA,NA,NA,NA
1,NA,NA,2,Varari,NA,6/17/23,LIGHT,GP,0.7988019484575011,0.8096777461455669,NA,NA,NA,NA,NA,NA,NA,NA,NA,NA,NA,NA,NA,NA
1,NA,NA,4,Varari,NA,6/17/23,LIGHT,GP,0.7069670753535975,0.7061479987573913,NA,NA,NA,NA,NA,NA,NA,NA,NA,NA,NA,NA,NA,NA
13,NA,NA,0,Cabral,NA,6/10/23,LIGHT,GP,0.813739547360897,0.8036152392260528,NA,NA,NA,NA,NA,NA,NA,NA,NA,NA,NA,NA,NA,NA
13,NA,NA,0.01,Cabral,NA,6/10/23,LIGHT,GP,0.8358521000383725,0.8325251368174803,NA,NA,NA,NA,NA,NA,NA,NA,NA,NA,NA,NA,NA,NA
13,NA,NA,0.03,Cabral,NA,6/10/23,LIGHT,GP,0.723256219173279,0.7187616467871423,NA,NA,NA,NA,NA,NA,NA,NA,NA,NA,NA,NA,NA,NA
13,NA,NA,0.05,Cabral,NA,6/10/23,LIGHT,GP,0.6570177141886275,0.6547497673606397,NA,NA,NA,NA,NA,NA,NA,NA,NA,NA,NA,NA,NA,NA
13,NA,NA,0.1,Cabral,NA,6/10/23,LIGHT,GP,0.8914098778888582,0.8861694482807847,NA,NA,NA,NA,NA,NA,NA,NA,NA,NA,NA,NA,NA,NA
13,NA,NA,0.5,Cabral,NA,6/10/23,LIGHT,GP,0.781007578758686,0.7676462891435094,NA,NA,NA,NA,NA,NA,NA,NA,NA,NA,NA,NA,NA,NA
13,NA,NA,1,Cabral,NA,6/10/23,LIGHT,GP,0.798883464319383,0.7936274373849335,NA,NA,NA,NA,NA,NA,NA,NA,NA,NA,NA,NA,NA,NA
13,NA,NA,2,Cabral,NA,6/10/23,LIGHT,GP,0.6339984442300844,0.6308266676745434,NA,NA,NA,NA,NA,NA,NA,NA,NA,NA,NA,NA,NA,NA
13,NA,NA,4,Cabral,NA,6/10/23,LIGHT,GP,0.744532941022139,0.7591419997523075,NA,NA,NA,NA,NA,NA,NA,NA,NA,NA,NA,NA,NA,NA
14,NA,NA,0,Cabral,NA,6/10/23,LIGHT,GP,0.9247486532276026,0.9121890036544577,NA,NA,NA,NA,NA,NA,NA,NA,NA,NA,NA,NA,NA,NA
14,NA,NA,0.01,Cabral,NA,6/10/23,LIGHT,GP,0.9751048207589506,0.9726190273684288,NA,NA,NA,NA,NA,NA,NA,NA,NA,NA,NA,NA,NA,NA
14,NA,NA,0.03,Cabral,NA,6/10/23,LIGHT,GP,0.6947904416779918,0.6918530420377076,NA,NA,NA,NA,NA,NA,NA,NA,NA,NA,NA,NA,NA,NA
14,NA,NA,0.05,Cabral,NA,6/10/23,LIGHT,GP,0.8477420258251546,0.8441576424428312,NA,NA,NA,NA,NA,NA,NA,NA,NA,NA,NA,NA,NA,NA
14,NA,NA,0.1,Cabral,NA,6/10/23,LIGHT,GP,0.8152317744437746,0.8123650929023485,NA,NA,NA,NA,NA,NA,NA,NA,NA,NA,NA,NA,NA,NA
14,NA,NA,0.5,Cabral,NA,6/10/23,LIGHT,GP,0.5782675188110771,0.5732351882613826,NA,NA,NA,NA,NA,NA,NA,NA,NA,NA,NA,NA,NA,NA
14,NA,NA,1,Cabral,NA,6/10/23,LIGHT,GP,0.6958814422249794,0.6912411901067648,NA,NA,NA,NA,NA,NA,NA,NA,NA,NA,NA,NA,NA,NA
14,NA,NA,2,Cabral,NA,6/10/23,LIGHT,GP,0.8052800444943705,0.8001098739986343,NA,NA,NA,NA,NA,NA,NA,NA,NA,NA,NA,NA,NA,NA
14,NA,NA,4,Cabral,NA,6/10/23,LIGHT,GP,0.9479909022059112,0.9580706297520089,NA,NA,NA,NA,NA,NA,NA,NA,NA,NA,NA,NA,NA,NA
15,NA,NA,0,Cabral,NA,6/11/23,LIGHT,GP,0.9152854609263962,0.9100188747257514,NA,NA,NA,NA,NA,NA,NA,NA,NA,NA,NA,NA,NA,NA
15,NA,NA,0.01,Cabral,NA,6/11/23,LIGHT,GP,0.7135277192548599,0.7087347351758919,NA,NA,NA,NA,NA,NA,NA,NA,NA,NA,NA,NA,NA,NA
15,NA,NA,0.03,Cabral,NA,6/11/23,LIGHT,GP,0.6909497765220778,0.6877693767376185,NA,NA,NA,NA,NA,NA,NA,NA,NA,NA,NA,NA,NA,NA
15,NA,NA,0.05,Cabral,NA,6/11/23,LIGHT,GP,0.6749759286025636,0.6722341228847628,NA,NA,NA,NA,NA,NA,NA,NA,NA,NA,NA,NA,NA,NA
15,NA,NA,0.1,Cabral,NA,6/11/23,LIGHT,GP,0.8538088230053985,0.8547911330352818,NA,NA,NA,NA,NA,NA,NA,NA,NA,NA,NA,NA,NA,NA
15,NA,NA,0.5,Cabral,NA,6/11/23,LIGHT,GP,0.5883550826696347,0.5926029618475952,NA,NA,NA,NA,NA,NA,NA,NA,NA,NA,NA,NA,NA,NA
15,NA,NA,1,Cabral,NA,6/11/23,LIGHT,GP,0.8876344968769301,0.887895189074086,NA,NA,NA,NA,NA,NA,NA,NA,NA,NA,NA,NA,NA,NA
15,NA,NA,2,Cabral,NA,6/11/23,LIGHT,GP,Inf,Inf,NA,NA,NA,NA,NA,NA,NA,NA,NA,NA,NA,NA,NA,NA
15,NA,NA,4,Cabral,NA,6/11/23,LIGHT,GP,0.5597885889813277,0.5556844594235827,NA,NA,NA,NA,NA,NA,NA,NA,NA,NA,NA,NA,NA,NA
16,NA,NA,0,Cabral,NA,6/11/23,LIGHT,GP,0.7674471883924894,0.7638956721608737,NA,NA,NA,NA,NA,NA,NA,NA,NA,NA,NA,NA,NA,NA
16,NA,NA,0.01,Cabral,NA,6/11/23,LIGHT,GP,0.7938908547731103,0.7908392609111937,NA,NA,NA,NA,NA,NA,NA,NA,NA,NA,NA,NA,NA,NA
16,NA,NA,0.03,Cabral,NA,6/11/23,LIGHT,GP,0.5742374071127876,0.5716856626119791,NA,NA,NA,NA,NA,NA,NA,NA,NA,NA,NA,NA,NA,NA
16,NA,NA,0.05,Cabral,NA,6/11/23,LIGHT,GP,0.834363084757862,0.8324463470669392,NA,NA,NA,NA,NA,NA,NA,NA,NA,NA,NA,NA,NA,NA
16,NA,NA,0.1,Cabral,NA,6/11/23,LIGHT,GP,0.7780729877901753,0.7792284508469456,NA,NA,NA,NA,NA,NA,NA,NA,NA,NA,NA,NA,NA,NA
16,NA,NA,0.5,Cabral,NA,6/11/23,LIGHT,GP,0.6635877096907277,0.6675061476006843,NA,NA,NA,NA,NA,NA,NA,NA,NA,NA,NA,NA,NA,NA
16,NA,NA,1,Cabral,NA,6/11/23,LIGHT,GP,0.6943736747402354,0.6945769491559495,NA,NA,NA,NA,NA,NA,NA,NA,NA,NA,NA,NA,NA,NA
16,NA,NA,2,Cabral,NA,6/11/23,LIGHT,GP,0.7923662456042532,0.7873177369222866,NA,NA,NA,NA,NA,NA,NA,NA,NA,NA,NA,NA,NA,NA
16,NA,NA,4,Cabral,NA,6/11/23,LIGHT,GP,0.6669270413230927,0.660870022249106,NA,NA,NA,NA,NA,NA,NA,NA,NA,NA,NA,NA,NA,NA
17,NA,NA,0,Cabral,NA,6/12/23,LIGHT,GP,0.7687972630406578,0.7645468207894301,NA,NA,NA,NA,NA,NA,NA,NA,NA,NA,NA,NA,NA,NA
17,NA,NA,0.01,Cabral,NA,6/12/23,LIGHT,GP,0.8902896930166799,0.8769523688730603,NA,NA,NA,NA,NA,NA,NA,NA,NA,NA,NA,NA,NA,NA
17,NA,NA,0.03,Cabral,NA,6/12/23,LIGHT,GP,0.9309403628955706,0.927614404781122,NA,NA,NA,NA,NA,NA,NA,NA,NA,NA,NA,NA,NA,NA
17,NA,NA,0.05,Cabral,NA,6/12/23,LIGHT,GP,0.987254978557375,0.9760835570148608,NA,NA,NA,NA,NA,NA,NA,NA,NA,NA,NA,NA,NA,NA
17,NA,NA,0.1,Cabral,NA,6/12/23,LIGHT,GP,0.7453979453306546,0.7393330667994362,NA,NA,NA,NA,NA,NA,NA,NA,NA,NA,NA,NA,NA,NA
17,NA,NA,0.5,Cabral,NA,6/12/23,LIGHT,GP,0.678391321331081,0.6699807771861385,NA,NA,NA,NA,NA,NA,NA,NA,NA,NA,NA,NA,NA,NA
17,NA,NA,1,Cabral,NA,6/12/23,LIGHT,GP,0.6098117120144839,0.6140859819568789,NA,NA,NA,NA,NA,NA,NA,NA,NA,NA,NA,NA,NA,NA
17,NA,NA,2,Cabral,NA,6/12/23,LIGHT,GP,0.7227404419483117,0.7117291048471439,NA,NA,NA,NA,NA,NA,NA,NA,NA,NA,NA,NA,NA,NA
17,NA,NA,4,Cabral,NA,6/12/23,LIGHT,GP,0.7522898955458427,0.7344703659424874,NA,NA,NA,NA,NA,NA,NA,NA,NA,NA,NA,NA,NA,NA
18,NA,NA,0,Cabral,NA,6/12/23,LIGHT,GP,0.8472962041502905,0.8429992045215708,NA,NA,NA,NA,NA,NA,NA,NA,NA,NA,NA,NA,NA,NA
18,NA,NA,0.01,Cabral,NA,6/12/23,LIGHT,GP,0.9137744715977444,0.90298563827042,NA,NA,NA,NA,NA,NA,NA,NA,NA,NA,NA,NA,NA,NA
18,NA,NA,0.03,Cabral,NA,6/12/23,LIGHT,GP,0.4737724895865259,0.47152328373346686,NA,NA,NA,NA,NA,NA,NA,NA,NA,NA,NA,NA,NA,NA
18,NA,NA,0.05,Cabral,NA,6/12/23,LIGHT,GP,0.7035396336416377,0.6976210814219175,NA,NA,NA,NA,NA,NA,NA,NA,NA,NA,NA,NA,NA,NA
18,NA,NA,0.1,Cabral,NA,6/12/23,LIGHT,GP,0.849079470639712,0.8421887511212338,NA,NA,NA,NA,NA,NA,NA,NA,NA,NA,NA,NA,NA,NA
18,NA,NA,0.5,Cabral,NA,6/12/23,LIGHT,GP,0.5925215149314639,0.5849203091820702,NA,NA,NA,NA,NA,NA,NA,NA,NA,NA,NA,NA,NA,NA
18,NA,NA,1,Cabral,NA,6/12/23,LIGHT,GP,0.5013219246020486,0.5033943030911546,NA,NA,NA,NA,NA,NA,NA,NA,NA,NA,NA,NA,NA,NA
18,NA,NA,2,Cabral,NA,6/12/23,LIGHT,GP,0.7096470358969257,0.69783409058578,NA,NA,NA,NA,NA,NA,NA,NA,NA,NA,NA,NA,NA,NA
18,NA,NA,4,Cabral,NA,6/12/23,LIGHT,GP,0.682309178230146,0.6658255200302692,NA,NA,NA,NA,NA,NA,NA,NA,NA,NA,NA,NA,NA,NA
2,NA,NA,0,Varari,NA,6/17/23,LIGHT,GP,0.9123681506480616,0.9263130538205576,NA,NA,NA,NA,NA,NA,NA,NA,NA,NA,NA,NA,NA,NA
2,NA,NA,0.01,Varari,NA,6/17/23,LIGHT,GP,0.7422455445778,0.7502599561076314,NA,NA,NA,NA,NA,NA,NA,NA,NA,NA,NA,NA,NA,NA
2,NA,NA,0.03,Varari,NA,6/17/23,LIGHT,GP,0.6278983639708209,0.6331650678952497,NA,NA,NA,NA,NA,NA,NA,NA,NA,NA,NA,NA,NA,NA
2,NA,NA,0.05,Varari,NA,6/17/23,LIGHT,GP,1.0419749568323888,1.0416105185305806,NA,NA,NA,NA,NA,NA,NA,NA,NA,NA,NA,NA,NA,NA
2,NA,NA,0.1,Varari,NA,6/17/23,LIGHT,GP,1.0437011048433371,1.0411444438052722,NA,NA,NA,NA,NA,NA,NA,NA,NA,NA,NA,NA,NA,NA
2,NA,NA,0.5,Varari,NA,6/17/23,LIGHT,GP,0.6776915870154353,0.6811276108883191,NA,NA,NA,NA,NA,NA,NA,NA,NA,NA,NA,NA,NA,NA
2,NA,NA,1,Varari,NA,6/17/23,LIGHT,GP,0.9027735322848996,0.8858142302581751,NA,NA,NA,NA,NA,NA,NA,NA,NA,NA,NA,NA,NA,NA
2,NA,NA,2,Varari,NA,6/17/23,LIGHT,GP,0.8041786023279691,0.8110948403055755,NA,NA,NA,NA,NA,NA,NA,NA,NA,NA,NA,NA,NA,NA
2,NA,NA,4,Varari,NA,6/17/23,LIGHT,GP,0.97017597631426,0.9690804994743912,NA,NA,NA,NA,NA,NA,NA,NA,NA,NA,NA,NA,NA,NA
3,NA,NA,0,Varari,NA,6/17/23,LIGHT,GP,0.8776770714751101,0.886504833976769,NA,NA,NA,NA,NA,NA,NA,NA,NA,NA,NA,NA,NA,NA
3,NA,NA,0.01,Varari,NA,6/17/23,LIGHT,GP,0.768322748676784,0.7722240692351261,NA,NA,NA,NA,NA,NA,NA,NA,NA,NA,NA,NA,NA,NA
3,NA,NA,0.03,Varari,NA,6/17/23,LIGHT,GP,0.4798869827034523,0.4847342425726367,NA,NA,NA,NA,NA,NA,NA,NA,NA,NA,NA,NA,NA,NA
3,NA,NA,0.05,Varari,NA,6/17/23,LIGHT,GP,0.6673105974767731,0.667008210849381,NA,NA,NA,NA,NA,NA,NA,NA,NA,NA,NA,NA,NA,NA
3,NA,NA,0.1,Varari,NA,6/17/23,LIGHT,GP,0.8670683362205438,0.865703382926718,NA,NA,NA,NA,NA,NA,NA,NA,NA,NA,NA,NA,NA,NA
3,NA,NA,0.5,Varari,NA,6/17/23,LIGHT,GP,0.7923917797898965,0.7991473717032127,NA,NA,NA,NA,NA,NA,NA,NA,NA,NA,NA,NA,NA,NA
3,NA,NA,1,Varari,NA,6/17/23,LIGHT,GP,0.6287030246578444,0.6185118197489441,NA,NA,NA,NA,NA,NA,NA,NA,NA,NA,NA,NA,NA,NA
3,NA,NA,2,Varari,NA,6/17/23,LIGHT,GP,0.8381181997405293,0.8445022459121304,NA,NA,NA,NA,NA,NA,NA,NA,NA,NA,NA,NA,NA,NA
3,NA,NA,4,Varari,NA,6/17/23,LIGHT,GP,0.7138124040985775,0.7130811380891737,NA,NA,NA,NA,NA,NA,NA,NA,NA,NA,NA,NA,NA,NA
4,NA,NA,0,Varari,NA,6/18/23,LIGHT,GP,0.6393936262670766,0.6451157353459125,NA,NA,NA,NA,NA,NA,NA,NA,NA,NA,NA,NA,NA,NA
4,NA,NA,0.01,Varari,NA,6/18/23,LIGHT,GP,0.7648370516024381,0.7623219591076219,NA,NA,NA,NA,NA,NA,NA,NA,NA,NA,NA,NA,NA,NA
4,NA,NA,0.03,Varari,NA,6/18/23,LIGHT,GP,0.4563582058770669,0.4588685553541541,NA,NA,NA,NA,NA,NA,NA,NA,NA,NA,NA,NA,NA,NA
4,NA,NA,0.05,Varari,NA,6/18/23,LIGHT,GP,Inf,Inf,NA,NA,NA,NA,NA,NA,NA,NA,NA,NA,NA,NA,NA,NA
4,NA,NA,0.1,Varari,NA,6/18/23,LIGHT,GP,0.7202394095113323,0.7208854773634157,NA,NA,NA,NA,NA,NA,NA,NA,NA,NA,NA,NA,NA,NA
4,NA,NA,0.5,Varari,NA,6/18/23,LIGHT,GP,0.5529311784779858,0.5515773407532931,NA,NA,NA,NA,NA,NA,NA,NA,NA,NA,NA,NA,NA,NA
4,NA,NA,1,Varari,NA,6/18/23,LIGHT,GP,0.7314673261167839,0.7229101460455667,NA,NA,NA,NA,NA,NA,NA,NA,NA,NA,NA,NA,NA,NA
4,NA,NA,2,Varari,NA,6/18/23,LIGHT,GP,0.756285372579559,0.7535862451324306,NA,NA,NA,NA,NA,NA,NA,NA,NA,NA,NA,NA,NA,NA
4,NA,NA,4,Varari,NA,6/18/23,LIGHT,GP,0.662890512571948,0.6614003666673128,NA,NA,NA,NA,NA,NA,NA,NA,NA,NA,NA,NA,NA,NA
5,NA,NA,0.01,Varari,NA,6/21/23,LIGHT,GP,0.6503085829057185,0.6439420730807752,NA,NA,NA,NA,NA,NA,NA,NA,NA,NA,NA,NA,NA,NA
5,NA,NA,0.03,Varari,NA,6/21/23,LIGHT,GP,0.6187859164676922,0.616234839721031,NA,NA,NA,NA,NA,NA,NA,NA,NA,NA,NA,NA,NA,NA
5,NA,NA,0.05,Varari,NA,6/21/23,LIGHT,GP,0.7644947565872013,0.7799922125597353,NA,NA,NA,NA,NA,NA,NA,NA,NA,NA,NA,NA,NA,NA
5,NA,NA,0.1,Varari,NA,6/21/23,LIGHT,GP,0.5540773276535269,0.5443183228650434,NA,NA,NA,NA,NA,NA,NA,NA,NA,NA,NA,NA,NA,NA
5,NA,NA,0.5,Varari,NA,6/21/23,LIGHT,GP,0.5309554332998774,0.5297914635458603,NA,NA,NA,NA,NA,NA,NA,NA,NA,NA,NA,NA,NA,NA
5,NA,NA,1,Varari,NA,6/21/23,LIGHT,GP,0.6511174058100799,0.6462315169226165,NA,NA,NA,NA,NA,NA,NA,NA,NA,NA,NA,NA,NA,NA
5,NA,NA,2,Varari,NA,6/21/23,LIGHT,GP,0.6068044890915214,0.608902971246996,NA,NA,NA,NA,NA,NA,NA,NA,NA,NA,NA,NA,NA,NA
5,NA,NA,4,Varari,NA,6/21/23,LIGHT,GP,0.667016749547396,0.6732655609887817,NA,NA,NA,NA,NA,NA,NA,NA,NA,NA,NA,NA,NA,NA
6,NA,NA,0,Varari,NA,6/21/23,LIGHT,GP,1.0670753583387649,1.0559083183208966,NA,NA,NA,NA,NA,NA,NA,NA,NA,NA,NA,NA,NA,NA
6,NA,NA,0.01,Varari,NA,6/21/23,LIGHT,GP,1.0528388191498783,1.0452736820966724,NA,NA,NA,NA,NA,NA,NA,NA,NA,NA,NA,NA,NA,NA
6,NA,NA,0.03,Varari,NA,6/21/23,LIGHT,GP,0.7524340239126881,0.7497842857750764,NA,NA,NA,NA,NA,NA,NA,NA,NA,NA,NA,NA,NA,NA
6,NA,NA,0.05,Varari,NA,6/21/23,LIGHT,GP,1.4009435718369778,1.4203139581446638,NA,NA,NA,NA,NA,NA,NA,NA,NA,NA,NA,NA,NA,NA
6,NA,NA,0.1,Varari,NA,6/21/23,LIGHT,GP,0.923799536846249,0.9170778171944142,NA,NA,NA,NA,NA,NA,NA,NA,NA,NA,NA,NA,NA,NA
6,NA,NA,0.5,Varari,NA,6/21/23,LIGHT,GP,0.7774060605767747,0.7752331798648177,NA,NA,NA,NA,NA,NA,NA,NA,NA,NA,NA,NA,NA,NA
6,NA,NA,1,Varari,NA,6/21/23,LIGHT,GP,0.6476596075701585,0.6364566944539997,NA,NA,NA,NA,NA,NA,NA,NA,NA,NA,NA,NA,NA,NA
6,NA,NA,2,Varari,NA,6/21/23,LIGHT,GP,0.8708356999040401,0.8740007075329799,NA,NA,NA,NA,NA,NA,NA,NA,NA,NA,NA,NA,NA,NA
6,NA,NA,4,Varari,NA,6/21/23,LIGHT,GP,0.7883185416400091,0.7928213325587405,NA,NA,NA,NA,NA,NA,NA,NA,NA,NA,NA,NA,NA,NA
7,NA,NA,0,Varari,NA,6/22/23,LIGHT,GP,0.7872271186081556,0.7974202173454527,NA,NA,NA,NA,NA,NA,NA,NA,NA,NA,NA,NA,NA,NA
7,NA,NA,0.01,Varari,NA,6/22/23,LIGHT,GP,0.8133586893255537,0.8169652343883598,NA,NA,NA,NA,NA,NA,NA,NA,NA,NA,NA,NA,NA,NA
7,NA,NA,0.03,Varari,NA,6/22/23,LIGHT,GP,0.5323703039519515,0.5334899977957965,NA,NA,NA,NA,NA,NA,NA,NA,NA,NA,NA,NA,NA,NA
7,NA,NA,0.05,Varari,NA,6/22/23,LIGHT,GP,0.7838126167829291,0.7846271315825364,NA,NA,NA,NA,NA,NA,NA,NA,NA,NA,NA,NA,NA,NA
7,NA,NA,0.1,Varari,NA,6/22/23,LIGHT,GP,0.7438650926327874,0.7422985278177159,NA,NA,NA,NA,NA,NA,NA,NA,NA,NA,NA,NA,NA,NA
7,NA,NA,0.5,Varari,NA,6/22/23,LIGHT,GP,0.5724116951692702,0.5718716806025234,NA,NA,NA,NA,NA,NA,NA,NA,NA,NA,NA,NA,NA,NA
7,NA,NA,1,Varari,NA,6/22/23,LIGHT,GP,0.6553722530975776,0.6599141482165818,NA,NA,NA,NA,NA,NA,NA,NA,NA,NA,NA,NA,NA,NA
7,NA,NA,2,Varari,NA,6/22/23,LIGHT,GP,0.6201130355688917,0.6232290408236099,NA,NA,NA,NA,NA,NA,NA,NA,NA,NA,NA,NA,NA,NA
7,NA,NA,4,Varari,NA,6/22/23,LIGHT,GP,0.5457483573436298,0.5470655550953726,NA,NA,NA,NA,NA,NA,NA,NA,NA,NA,NA,NA,NA,NA
8,NA,NA,0,Varari,NA,6/22/23,LIGHT,GP,0.6851126782567802,0.692591489282695,NA,NA,NA,NA,NA,NA,NA,NA,NA,NA,NA,NA,NA,NA
8,NA,NA,0.01,Varari,NA,6/22/23,LIGHT,GP,0.6847057963735331,0.6878758074707384,NA,NA,NA,NA,NA,NA,NA,NA,NA,NA,NA,NA,NA,NA
8,NA,NA,0.03,Varari,NA,6/22/23,LIGHT,GP,0.5419214231840891,0.542715204965552,NA,NA,NA,NA,NA,NA,NA,NA,NA,NA,NA,NA,NA,NA
8,NA,NA,0.05,Varari,NA,6/22/23,LIGHT,GP,0.737647813819223,0.7384563718279233,NA,NA,NA,NA,NA,NA,NA,NA,NA,NA,NA,NA,NA,NA
8,NA,NA,0.1,Varari,NA,6/22/23,LIGHT,GP,0.5759716600178514,0.5745566057991589,NA,NA,NA,NA,NA,NA,NA,NA,NA,NA,NA,NA,NA,NA
8,NA,NA,0.5,Varari,NA,6/22/23,LIGHT,GP,0.18104570804533168,0.18090069245221024,NA,NA,NA,NA,NA,NA,NA,NA,NA,NA,NA,NA,NA,NA
8,NA,NA,1,Varari,NA,6/22/23,LIGHT,GP,Inf,Inf,NA,NA,NA,NA,NA,NA,NA,NA,NA,NA,NA,NA,NA,NA
8,NA,NA,2,Varari,NA,6/22/23,LIGHT,GP,0.502661919942699,0.5054863468051504,NA,NA,NA,NA,NA,NA,NA,NA,NA,NA,NA,NA,NA,NA
8,NA,NA,4,Varari,NA,6/22/23,LIGHT,GP,0.8273764994808025,0.8291301675444096,NA,NA,NA,NA,NA,NA,NA,NA,NA,NA,NA,NA,NA,NA
8,NA,Varari_Col8_Dil9_Light,4,Varari,35.2,6/22/23,Light,C,0.09270231627944428,NA,0.12,21.43,2.05,9.87,6/14/23,9,27.611,7.983610439,35.2,2522.572069,35.2,Varari_Col8_Dil9_Dark,4,2469.40063
8,NA,Varari_Col8_Dil8_Light,2,Varari,36,6/22/23,Light,C,-0.006229854420588644,NA,0.09,11.23,1.13,1.51,6/14/23,8,27.54,8.014719841,36,2494.173175,36,Varari_Col8_Dil8_Dark,2,2412.850508
8,NA,Varari_Col8_Dil7_Light,1,Varari,36,6/22/23,Light,C,Inf,NA,0.08,6.75,0.86,0.98,6/14/23,7,27.83,8.074193563,36,2439.18948,36,Varari_Col8_Dil7_Dark,1,2390.881687
8,NA,Varari_Col8_Dil6_Light,0.5,Varari,36.3,6/22/23,Light,C,-0.020348304756728764,NA,0.08,5.11,0.76,2.35,6/14/23,6,27.767,8.052272678,36.3,2458.306838,36.3,Varari_Col8_Dil6_Dark,0.5,2379.650785
8,NA,Varari_Col8_Dil5_Light,0.1,Varari,36.5,6/22/23,Light,C,0.07463519138524023,NA,0.05,2.68,0.7,3.11,6/14/23,5,27.629,8.036250694,36.5,2391.63833,36.5,Varari_Col8_Dil5_Dark,0.1,2354.608921
8,NA,Varari_Col8_Dil4_Light,0.05,Varari,36.4,6/22/23,Light,C,0.008147292447014187,NA,0.06,2.24,0.47,2.25,6/14/23,4,27.717,8.029750313,36.4,2427.480024,36.4,Varari_Col8_Dil4_Dark,0.05,2344.51916
8,NA,Varari_Col8_Dil3_Light,0.03,Varari,36.4,6/22/23,Light,C,-0.05161387265476203,NA,0.11,2.39,0.83,1.67,6/14/23,3,28.492,8.023610541,36.4,2473.699538,36.4,Varari_Col8_Dil3_Dark,0.03,2359.780882
8,NA,Varari_Col8_Dil2_Light,0.01,Varari,36.4,6/22/23,Light,C,-0.029997207520974258,NA,0.06,2.55,0.72,1.64,6/14/23,2,27.7,7.981415001,36.4,2462.292011,36.4,Varari_Col8_Dil2_Dark,0.01,2376.059851
8,NA,Varari_Col8_Dil1_Light,0,Varari,36.4,6/22/23,Light,C,0.03669898353334259,NA,0.03,2.45,0.6,4.44,6/14/23,1,28.503,8.003403586,36.4,2418.529218,36.4,Varari_Col8_Dil1_Dark,0,2368.214155
7,NA,Varari_Col7_Dil9_Light,4,Varari,35.2,6/22/23,Light,C,0.251353894337372,NA,0.12,21.43,2.05,9.87,6/14/23,9,27.611,7.983610439,35.2,2454.87643,35.2,Varari_Col7_Dil9_Dark,4,2469.40063
7,NA,Varari_Col7_Dil8_Light,2,Varari,36,6/22/23,Light,C,0.0986859551593713,NA,0.09,11.23,1.13,1.51,6/14/23,8,27.54,8.014719841,36,2457.893535,36,Varari_Col7_Dil8_Dark,2,2412.850508
7,NA,Varari_Col7_Dil7_Light,1,Varari,36,6/22/23,Light,C,0.3607701575905506,NA,0.08,6.75,0.86,0.98,6/14/23,7,27.83,8.074193563,36,2363.930584,36,Varari_Col7_Dil7_Dark,1,2390.881687
7,NA,Varari_Col7_Dil6_Light,0.5,Varari,36.3,6/22/23,Light,C,0.2939230688184796,NA,0.08,5.11,0.76,2.35,6/14/23,6,27.767,8.052272678,36.3,2379.486858,36.3,Varari_Col7_Dil6_Dark,0.5,2379.650785
7,NA,Varari_Col7_Dil5_Light,0.1,Varari,36.5,6/22/23,Light,C,0.3019427398549368,NA,0.05,2.68,0.7,3.11,6/14/23,5,27.629,8.036250694,36.5,2338.179983,36.5,Varari_Col7_Dil5_Dark,0.1,2354.608921
7,NA,Varari_Col7_Dil4_Light,0.05,Varari,36.4,6/22/23,Light,C,0.253199918829564,NA,0.06,2.24,0.47,2.25,6/14/23,4,27.717,8.029750313,36.4,2338.340876,36.4,Varari_Col7_Dil4_Dark,0.05,2344.51916
7,NA,Varari_Col7_Dil3_Light,0.03,Varari,36.4,6/22/23,Light,C,0.21958927529619032,NA,0.11,2.39,0.83,1.67,6/14/23,3,28.492,8.023610541,36.4,2360.117012,36.4,Varari_Col7_Dil3_Dark,0.03,2359.780882
7,NA,Varari_Col7_Dil2_Light,0.01,Varari,36.4,6/22/23,Light,C,0.289786506554457,NA,0.06,2.55,0.72,1.64,6/14/23,2,27.7,7.981415001,36.4,2355.112621,36.4,Varari_Col7_Dil2_Dark,0.01,2376.059851
7,NA,Varari_Col7_Dil1_Light,0,Varari,36.4,6/22/23,Light,C,0.2608474300428605,NA,0.03,2.45,0.6,4.44,6/14/23,1,28.503,8.003403586,36.4,2367.213829,36.4,Varari_Col7_Dil1_Dark,0,2368.214155
6,NA,Varari_Col6_Dil9_Light,4,Varari,35,6/21/23,Light,C,0.06186903383031918,NA,0.07,19.77,3.24,3.75,6/14/23,9,29.067,8.017619563,35,2474.818821,35,Varari_Col6_Dil9_Dark,4,2473.296673
6,NA,Varari_Col6_Dil8_Light,2,Varari,35.9,6/21/23,Light,C,0.13588685975523698,NA,0.07,9.9,1.02,5.44,6/14/23,8,28.909,8.019957013,35.9,2446.688983,35.9,Varari_Col6_Dil8_Dark,2,2429.451371
6,NA,Varari_Col6_Dil7_Light,1,Varari,36,6/21/23,Light,C,0.23132001549837078,NA,0.2,5.55,3.05,15.29,6/14/23,7,29.13,8.001972866,36,2420.40668,36,Varari_Col6_Dil7_Dark,1,2407.472045
6,NA,Varari_Col6_Dil6_Light,0.5,Varari,36.2,6/21/23,Light,C,0.09138389473968718,NA,0.05,4.94,0.29,5.38,6/14/23,6,29.155,8.007009687,36.2,2398.136344,36.2,Varari_Col6_Dil6_Dark,0.5,2391.440484
6,NA,Varari_Col6_Dil5_Light,0.1,Varari,36.3,6/21/23,Light,C,0.07937169758713097,NA,0.27,2.63,1.32,9.69,6/14/23,5,29.156,8.028865456,36.3,2391.770222,36.3,Varari_Col6_Dil5_Dark,0.1,2388.441818
6,NA,Varari_Col6_Dil4_Light,0.05,Varari,36.3,6/21/23,Light,C,0.186497532172611,NA,0.04,1.86,0.28,0.22,6/14/23,4,29.11,8.024526644,36.3,2377.799281,36.3,Varari_Col6_Dil4_Dark,0.05,2364.629086
6,NA,Varari_Col6_Dil3_Light,0.03,Varari,36.3,6/21/23,Light,C,0.13750811823845668,NA,0.04,1.93,1.79,7.35,6/14/23,3,29.115,8.032791308,36.3,2370.446021,36.3,Varari_Col6_Dil3_Dark,0.03,2367.39884
6,NA,Varari_Col6_Dil2_Light,0.01,Varari,36.4,6/21/23,Light,C,0.11480352835963938,NA,0.04,1.78,0.52,1.77,6/14/23,2,29.187,8.025282823,36.4,2398.740895,36.4,Varari_Col6_Dil2_Dark,0.01,2384.387201
6,NA,Varari_Col6_Dil1_Light,0,Varari,36.4,6/21/23,Light,C,0.11126380625085287,NA,0.1,2.27,0.48,6.9,6/14/23,1,29.092,8.00330754,36.4,2405.806718,36.4,Varari_Col6_Dil1_Dark,0,2377.32016
5,NA,Varari_Col5_Dil9_Light,4,Varari,35,6/21/23,Light,C,0.12922932292204356,NA,0.07,19.77,3.24,3.75,6/14/23,9,29.067,8.017619563,35,2467.036635,35,Varari_Col5_Dil9_Dark,4,2473.296673
5,NA,Varari_Col5_Dil8_Light,2,Varari,35.9,6/21/23,Light,C,0.13734160816819757,NA,0.07,9.9,1.02,5.44,6/14/23,8,28.909,8.019957013,35.9,2435.293737,35.9,Varari_Col5_Dil8_Dark,2,2429.451371
5,NA,Varari_Col5_Dil7_Light,1,Varari,36,6/21/23,Light,C,0.15576983071289488,NA,0.2,5.55,3.05,15.29,6/14/23,7,29.13,8.001972866,36,2405.270071,36,Varari_Col5_Dil7_Dark,1,2407.472045
5,NA,Varari_Col5_Dil6_Light,0.5,Varari,36.2,6/21/23,Light,C,0.05754018185059932,NA,0.05,4.94,0.29,5.38,6/14/23,6,29.155,8.007009687,36.2,2397.04368,36.2,Varari_Col5_Dil6_Dark,0.5,2391.440484
5,NA,Varari_Col5_Dil5_Light,0.1,Varari,36.3,6/21/23,Light,C,0.13567416274120223,NA,0.27,2.63,1.32,9.69,6/14/23,5,29.156,8.028865456,36.3,2390.421068,36.3,Varari_Col5_Dil5_Dark,0.1,2388.441818
5,NA,Varari_Col5_Dil4_Light,0.05,Varari,36.3,6/21/23,Light,C,0.14952877796819664,NA,0.04,1.86,0.28,0.22,6/14/23,4,29.11,8.024526644,36.3,2381.933793,36.3,Varari_Col5_Dil4_Dark,0.05,2364.629086
5,NA,Varari_Col5_Dil3_Light,0.03,Varari,36.3,6/21/23,Light,C,0.12762680872880763,NA,0.04,1.93,1.79,7.35,6/14/23,3,29.115,8.032791308,36.3,2375.090281,36.3,Varari_Col5_Dil3_Dark,0.03,2367.39884
5,NA,Varari_Col5_Dil2_Light,0.01,Varari,36.4,6/21/23,Light,C,0.1592170700348565,NA,0.04,1.78,0.52,1.77,6/14/23,2,29.187,8.025282823,36.4,2388.411553,36.4,Varari_Col5_Dil2_Dark,0.01,2384.387201
4,NA,Varari_Col4_Dil9_Light,4,Varari,35.3,6/18/23,Light,C,-0.42504007473511385,NA,1.07,18.09,4.47,22.62,6/14/23,9,28.826,7.979925701,35.3,2681.361697,35.3,Varari_Col4_Dil9_Dark,4,2484.55214
4,NA,Varari_Col4_Dil8_Light,2,Varari,36,6/18/23,Light,C,0.02851242633090859,NA,0.07,13.59,3.54,1.73,6/14/23,8,28.741,7.987511582,36,2440.306591,36,Varari_Col4_Dil8_Dark,2,2434.37846
4,NA,Varari_Col4_Dil7_Light,1,Varari,36.1,6/18/23,Light,C,0.0566259445458135,NA,0.04,8.07,1.08,0.48,6/14/23,7,28.788,8.015414786,36.1,2386.651362,36.1,Varari_Col4_Dil7_Dark,1,2395.06591
4,NA,Varari_Col4_Dil6_Light,0.5,Varari,36.5,6/18/23,Light,C,0.05978202332700415,NA,0.02,4.82,2.84,1.24,6/14/23,6,28.782,7.994600756,36.5,2389.74034,36.5,Varari_Col4_Dil6_Dark,0.5,2383.81035
4,NA,Varari_Col4_Dil5_Light,0.1,Varari,36.6,6/18/23,Light,C,0.060387830227568905,NA,0.03,3.33,3.14,4.89,6/14/23,5,28.728,7.983888717,36.6,2385.940605,36.6,Varari_Col4_Dil5_Dark,0.1,2381.8341
4,NA,Varari_Col4_Dil4_Light,0.05,Varari,36.5,6/18/23,Light,C,Inf,NA,0.06,2.89,1.63,0.79,6/14/23,4,28.809,7.977524233,36.5,2367.51833,36.5,Varari_Col4_Dil4_Dark,0.05,2373.20997
4,NA,Varari_Col4_Dil3_Light,0.03,Varari,36.7,6/18/23,Light,C,0.07321204526217066,NA,0.03,3.14,2.63,0.52,6/14/23,3,28.724,7.974131193,36.7,2380.394282,36.7,Varari_Col4_Dil3_Dark,0.03,2378.42618
4,NA,Varari_Col4_Dil2_Light,0.01,Varari,36.7,6/18/23,Light,C,0.024679700527763464,NA,0.07,3.65,3.26,3.59,6/14/23,2,28.644,7.926842749,36.7,2382.785971,36.7,Varari_Col4_Dil2_Dark,0.01,2378.83987
4,NA,Varari_Col4_Dil1_Light,0,Varari,36.4,6/18/23,Light,C,0.036712578848311854,NA,0.05,3.63,0.99,1.49,6/14/23,1,28.695,8.012340938,36.4,2394.6567,36.4,Varari_Col4_Dil1_Dark,0,2388.02795
3,NA,Varari_Col3_Dil9_Light,4,Varari,35.9,6/17/23,Light,C,-0.18470182716936356,NA,0.13,22.86,3.21,5.31,6/14/23,9,27.887,7.959322072,35.9,2681.361697,35.9,Varari_Col3_Dil9_Dark,4,2580.241802
3,NA,Varari_Col3_Dil8_Light,2,Varari,36.6,6/17/23,Light,C,-0.03359775173097245,NA,0.09,13.55,2.78,3.81,6/14/23,8,27.793,7.9938993,36.6,2537.164029,36.6,Varari_Col3_Dil8_Dark,2,2472.535253
3,NA,Varari_Col3_Dil7_Light,1,Varari,37,6/17/23,Light,C,-0.052518646596593985,NA,0.07,10.06,2.58,1.99,6/14/23,7,27.829,7.987516818,37,2513.660708,37,Varari_Col3_Dil7_Dark,1,2461.829614
3,NA,Varari_Col3_Dil6_Light,0.5,Varari,37.1,6/17/23,Light,C,-0.10249487015737323,NA,0.05,7.07,2.23,4.4,6/14/23,6,27.818,7.996255731,37.1,2509.361504,37.1,Varari_Col3_Dil6_Dark,0.5,2447.2949
3,NA,Varari_Col3_Dil5_Light,0.1,Varari,37.3,6/17/23,Light,C,-0.07684890513951698,NA,0.05,5.27,2.5,6.31,6/14/23,5,27.816,7.996704636,37.3,2502.807205,37.3,Varari_Col3_Dil5_Dark,0.1,2441.384493
3,NA,Varari_Col3_Dil4_Light,0.05,Varari,37.3,6/17/23,Light,C,-0.02252899458177791,NA,0.08,4.82,1.87,3.32,6/14/23,4,27.795,7.98863231,37.3,2469.675977,37.3,Varari_Col3_Dil4_Dark,0.05,2427.532743
3,NA,Varari_Col3_Dil3_Light,0.03,Varari,37.4,6/17/23,Light,C,-0.14872823002854832,NA,0.07,4.53,3.03,4.95,6/14/23,3,27.81,8.002025445,37.4,2542.368009,37.4,Varari_Col3_Dil3_Dark,0.03,2470.63337
3,NA,Varari_Col3_Dil2_Light,0.01,Varari,37.4,6/17/23,Light,C,-0.07891164631164185,NA,0.06,4.51,4.67,4.07,6/14/23,2,27.764,8.021108644,37.4,2518.479657,37.4,Varari_Col3_Dil2_Dark,0.01,2437.499547
3,NA,Varari_Col3_Dil1_Light,0,Varari,37.3,6/17/23,Light,C,0.2257826438754126,NA,0.03,4.88,2.52,4.96,6/14/23,1,27.714,7.994816177,37.3,2513.591198,37.3,Varari_Col3_Dil1_Dark,0,2440.699175
2,NA,Varari_Col2_Dil9_Light,4,Varari,35.9,6/17/23,Light,C,-0.09853931754555918,NA,0.13,22.86,3.21,5.31,6/14/23,9,27.887,7.959322072,35.9,2639.130211,35.9,Varari_Col2_Dil9_Dark,4,2580.241802
2,NA,Varari_Col2_Dil8_Light,2,Varari,36.6,6/17/23,Light,C,0.09423051409152873,NA,0.09,13.55,2.78,3.81,6/14/23,8,27.793,7.9938993,36.6,2498.71768,36.6,Varari_Col2_Dil8_Dark,2,2472.535253
2,NA,Varari_Col2_Dil7_Light,1,Varari,37,6/17/23,Light,C,0.18377875029665705,NA,0.07,10.06,2.58,1.99,6/14/23,7,27.829,7.987516818,37,2483.040044,37,Varari_Col2_Dil7_Dark,1,2461.829614
2,NA,Varari_Col2_Dil6_Light,0.5,Varari,37.1,6/17/23,Light,C,0.06852199035760291,NA,0.05,7.07,2.23,4.4,6/14/23,6,27.818,7.996255731,37.1,2472.193149,37.1,Varari_Col2_Dil6_Dark,0.5,2447.2949
2,NA,Varari_Col2_Dil5_Light,0.1,Varari,37.3,6/17/23,Light,C,0.09582174647424052,NA,0.05,5.27,2.5,6.31,6/14/23,5,27.816,7.996704636,37.3,2460.231538,37.3,Varari_Col2_Dil5_Dark,0.1,2441.384493
2,NA,Varari_Col2_Dil4_Light,0.05,Varari,37.3,6/17/23,Light,C,0.08815521802508303,NA,0.08,4.82,1.87,3.32,6/14/23,4,27.795,7.98863231,37.3,2439.017346,37.3,Varari_Col2_Dil4_Dark,0.05,2427.532743
2,NA,Varari_Col2_Dil3_Light,0.03,Varari,37.4,6/17/23,Light,C,0.04341841319420067,NA,0.07,4.53,3.03,4.95,6/14/23,3,27.81,8.002025445,37.4,2500.803311,37.4,Varari_Col2_Dil3_Dark,0.03,2470.63337
2,NA,Varari_Col2_Dil2_Light,0.01,Varari,37.4,6/17/23,Light,C,0.11471592626895935,NA,0.06,4.51,4.67,4.07,6/14/23,2,27.764,8.021108644,37.4,2456.904693,37.4,Varari_Col2_Dil2_Dark,0.01,2437.499547
2,NA,Varari_Col2_Dil1_Light,0,Varari,37.3,6/17/23,Light,C,0.585745231388301,NA,0.03,4.88,2.52,4.96,6/14/23,1,27.714,7.994816177,37.3,2482.526374,37.3,Varari_Col2_Dil1_Dark,0,2440.699175
1,NA,Varari_Col1_Dil9_Light,4,Varari,35.9,6/17/23,Light,C,0.02463998978352474,NA,0.13,22.86,3.21,5.31,6/14/23,9,27.887,7.959322072,35.9,2612.424652,35.9,Varari_Col1_Dil9_Dark,4,2580.241802
1,NA,Varari_Col1_Dil8_Light,2,Varari,36.6,6/17/23,Light,C,0.18903071584868406,NA,0.09,13.55,2.78,3.81,6/14/23,8,27.793,7.9938993,36.6,2483.262838,36.6,Varari_Col1_Dil8_Dark,2,2472.535253
1,NA,Varari_Col1_Dil7_Light,1,Varari,37,6/17/23,Light,C,-0.024841325799410303,NA,0.07,10.06,2.58,1.99,6/14/23,7,27.829,7.987516818,37,2514.647364,37,Varari_Col1_Dil7_Dark,1,2461.829614
1,NA,Varari_Col1_Dil6_Light,0.5,Varari,37.1,6/17/23,Light,C,0.1816389030606426,NA,0.05,7.07,2.23,4.4,6/14/23,6,27.818,7.996255731,37.1,2443.270645,37.1,Varari_Col1_Dil6_Dark,0.5,2447.2949
1,NA,Varari_Col1_Dil5_Light,0.1,Varari,37.3,6/17/23,Light,C,0.13963820608517483,NA,0.05,5.27,2.5,6.31,6/14/23,5,27.816,7.996704636,37.3,2430.789996,37.3,Varari_Col1_Dil5_Dark,0.1,2441.384493
1,NA,Varari_Col1_Dil4_Light,0.05,Varari,37.3,6/17/23,Light,C,0.09645687050695075,NA,0.08,4.82,1.87,3.32,6/14/23,4,27.795,7.98863231,37.3,2426.240287,37.3,Varari_Col1_Dil4_Dark,0.05,2427.532743
1,NA,Varari_Col1_Dil3_Light,0.03,Varari,37.4,6/17/23,Light,C,0.040090981613200266,NA,0.07,4.53,3.03,4.95,6/14/23,3,27.81,8.002025445,37.4,2492.936803,37.4,Varari_Col1_Dil3_Dark,0.03,2470.63337
1,NA,Varari_Col1_Dil2_Light,0.01,Varari,37.4,6/17/23,Light,C,0.10920037808888107,NA,0.06,4.51,4.67,4.07,6/14/23,2,27.764,8.021108644,37.4,2449.282369,37.4,Varari_Col1_Dil2_Dark,0.01,2437.499547
1,NA,Varari_Col1_Dil1_Light,0,Varari,37.3,6/17/23,Light,C,0.6806762149389315,NA,0.03,4.88,2.52,4.96,6/14/23,1,27.714,7.994816177,37.3,2438.26195,37.3,Varari_Col1_Dil1_Dark,0,2440.699175
17,NA,Cabral_Col9_Dil9_Light,4,Cabral,35.1,6/12/23,Light,C,0.09967637995356496,NA,0.07,25.7,0.32,1.99,6/14/23,9,28.389,8.004134508,35.1,2376.244383,35.1,Cabral_Col9_Dil9_Dark,4,2377.671921
17,NA,Cabral_Col9_Dil8_Light,2,Cabral,35.8,6/12/23,Light,C,0.05047414054603263,NA,0.04,15.57,0.24,2.42,6/14/23,8,28.199,7.991501772,35.8,2368.758982,35.8,Cabral_Col9_Dil8_Dark,2,2368.313481
17,NA,Cabral_Col9_Dil7_Light,1,Cabral,36.1,6/12/23,Light,C,0.40049826096401525,NA,0.06,9.83,0.31,0.96,6/14/23,7,28.899,7.982119028,36.1,2379.484557,36.1,Cabral_Col9_Dil7_Dark,1,2386.611317
17,NA,Cabral_Col9_Dil6_Light,0.5,Cabral,36.3,6/12/23,Light,C,0.08143546627284427,NA,0.04,6.04,0.37,2.01,6/14/23,6,28.313,7.977503903,36.3,2351.136681,36.3,Cabral_Col9_Dil6_Dark,0.5,2370.703949
17,NA,Cabral_Col9_Dil5_Light,0.1,Cabral,36.4,6/12/23,Light,C,0.041839547111275695,NA,0.04,3.67,0.51,12.78,6/14/23,5,28.251,8.007015023,36.4,2405.42999,36.4,Cabral_Col9_Dil5_Dark,0.1,2387.15343
17,NA,Cabral_Col9_Dil4_Light,0.05,Cabral,36.6,6/12/23,Light,C,0.3181580179072975,NA,0.04,4.14,0.86,2.16,6/14/23,4,28.219,8.002864299,36.6,2363.771572,36.6,Cabral_Col9_Dil4_Dark,0.05,2378.482368
17,NA,Cabral_Col9_Dil3_Light,0.03,Cabral,36.4,6/12/23,Light,C,0.29186511307936214,NA,0.07,3.15,0.8,6.67,6/14/23,3,28.395,7.963168175,36.4,2363.234435,36.4,Cabral_Col9_Dil3_Dark,0.03,2378.494426
17,NA,Cabral_Col9_Dil2_Light,0.01,Cabral,36.6,6/12/23,Light,C,0.29751975868923025,NA,0.03,2.98,0.07,<0.02,6/14/23,2,27.982,7.991198619,36.6,2363.486669,36.6,Cabral_Col9_Dil2_Dark,0.01,2437.47068
17,NA,Cabral_Col9_Dil1_Light,0,Cabral,36.3,6/12/23,Light,C,0.11701528830050378,NA,0.03,2.58,0.23,0.16,6/14/23,1,28.172,7.976166127,36.3,2358.205389,36.3,Cabral_Col9_Dil1_Dark,0,2366.430138
16,NA,Cabral_Col8_Dil9_Light,4,Cabral,35.1,6/11/23,Light,C,-0.06829634267041808,NA,0.06,23.61,1.31,18.74,6/14/23,9,27.734,7.995066862,35.1,2410.307212,35.1,Cabral_Col8_Dil9_Dark,4,2380.96903
16,NA,Cabral_Col8_Dil8_Light,2,Cabral,35.9,6/11/23,Light,C,0.046417802002179966,NA,0.06,13.9,0.17,23.37,6/14/23,8,27.452,7.965480921,35.9,2382.143503,35.9,Cabral_Col8_Dil8_Dark,2,2378.953672
16,NA,Cabral_Col8_Dil7_Light,1,Cabral,36.2,6/11/23,Light,C,0.15024626455678267,NA,0.05,9.41,0.46,10.63,6/14/23,7,27.602,7.963967371,36.2,2414.232623,36.2,Cabral_Col8_Dil7_Dark,1,2416.039082
16,NA,Cabral_Col8_Dil6_Light,0.5,Cabral,36.3,6/11/23,Light,C,0.12907965341978042,NA,0.04,6.59,0.6,8.48,6/14/23,6,27.685,8.009902878,36.3,2387.583749,36.3,Cabral_Col8_Dil6_Dark,0.5,2369.619428
16,NA,Cabral_Col8_Dil5_Light,0.1,Cabral,36.5,6/11/23,Light,C,0.05607606127256522,NA,0.03,4.33,0.45,0.95,6/14/23,5,27.779,7.973796473,36.5,2401.438151,36.5,Cabral_Col8_Dil5_Dark,0.1,2379.793461
16,NA,Cabral_Col8_Dil4_Light,0.05,Cabral,36.5,6/11/23,Light,C,0.04501884653921913,NA,0.03,3.79,0.14,0.86,6/14/23,4,27.788,7.977017858,36.5,2371.355603,36.5,Cabral_Col8_Dil4_Dark,0.05,2372.216347
16,NA,Cabral_Col8_Dil3_Light,0.03,Cabral,36.5,6/11/23,Light,C,0.03868977241674173,NA,0.04,5.16,1.78,2.98,6/14/23,3,27.68,8.000333893,36.5,2397.745495,36.5,Cabral_Col8_Dil3_Dark,0.03,2377.767651
16,NA,Cabral_Col8_Dil2_Light,0.01,Cabral,36.6,6/11/23,Light,C,0.07627728226981137,NA,0.03,3.04,1.02,17.21,6/14/23,2,27.345,8.008691364,36.6,2378.883991,36.6,Cabral_Col8_Dil2_Dark,0.01,2381.684085
16,NA,Cabral_Col8_Dil1_Light,0,Cabral,36.5,6/11/23,Light,C,0.15901723484583197,NA,0.03,4.24,0.54,21.41,6/14/23,1,27.436,8.012209319,36.5,2387.010951,36.5,Cabral_Col8_Dil1_Dark,0,2382.096706
15,NA,Cabral_Col7_Dil9_Light,4,Cabral,35.1,6/11/23,Light,C,0.05559706130734448,NA,0.06,23.61,1.31,18.74,6/14/23,9,27.734,7.995066862,35.1,2381.336345,35.1,Cabral_Col7_Dil9_Dark,4,2380.96903
15,NA,Cabral_Col7_Dil8_Light,2,Cabral,35.9,6/11/23,Light,C,Inf,NA,0.06,13.9,0.17,23.37,6/14/23,8,27.452,7.965480921,35.9,2374.238719,35.9,Cabral_Col7_Dil8_Dark,2,2378.953672
15,NA,Cabral_Col7_Dil7_Light,1,Cabral,36.2,6/11/23,Light,C,0.1104814206427824,NA,0.05,9.41,0.46,10.63,6/14/23,7,27.602,7.963967371,36.2,2436.457464,36.2,Cabral_Col7_Dil7_Dark,1,2416.039082
15,NA,Cabral_Col7_Dil6_Light,0.5,Cabral,36.3,6/11/23,Light,C,0.25113235591742905,NA,0.04,6.59,0.6,8.48,6/14/23,6,27.685,8.009902878,36.3,2370.480641,36.3,Cabral_Col7_Dil6_Dark,0.5,2369.619428
15,NA,Cabral_Col7_Dil5_Light,0.1,Cabral,36.5,6/11/23,Light,C,0.09650289941030982,NA,0.03,4.33,0.45,0.95,6/14/23,5,27.779,7.973796473,36.5,2386.033331,36.5,Cabral_Col7_Dil5_Dark,0.1,2379.793461
15,NA,Cabral_Col7_Dil4_Light,0.05,Cabral,36.5,6/11/23,Light,C,0.09509556389666769,NA,0.03,3.79,0.14,0.86,6/14/23,4,27.788,7.977017858,36.5,2364.631864,36.5,Cabral_Col7_Dil4_Dark,0.05,2372.216347
15,NA,Cabral_Col7_Dil3_Light,0.03,Cabral,36.5,6/11/23,Light,C,0.06300702817001401,NA,0.04,5.16,1.78,2.98,6/14/23,3,27.68,8.000333893,36.5,2395.493573,36.5,Cabral_Col7_Dil3_Dark,0.03,2377.767651
15,NA,Cabral_Col7_Dil2_Light,0.01,Cabral,36.6,6/11/23,Light,C,0.16385983419163858,NA,0.03,3.04,1.02,17.21,6/14/23,2,27.345,8.008691364,36.6,2372.372145,36.6,Cabral_Col7_Dil2_Dark,0.01,2381.684085
15,NA,Cabral_Col7_Dil1_Light,0,Cabral,36.5,6/11/23,Light,C,0.33914194900026495,NA,0.03,4.24,0.54,21.41,6/14/23,1,27.436,8.012209319,36.5,2371.581242,36.5,Cabral_Col7_Dil1_Dark,0,2382.096706
14,NA,Cabral_Col6_Dil9_Light,4,Cabral,35.2,6/10/23,Light,C,0.060467999768056585,NA,0.12,24.72,0.04,0.39,6/14/23,9,27.163,7.99836625,35.2,2381.689204,35.2,Cabral_Col6_Dil9_Dark,4,2410.363767
14,NA,Cabral_Col6_Dil8_Light,2,Cabral,35.9,6/10/23,Light,C,0.13207890154369867,NA,0.09,15.42,0.24,0.88,6/14/23,8,26.909,7.998371579,35.9,2368.174013,35.9,Cabral_Col6_Dil8_Dark,2,2427.573363
14,NA,Cabral_Col6_Dil7_Light,1,Cabral,36.1,6/10/23,Light,C,0.042935425071257305,NA,0.09,8.39,0.06,0.31,6/14/23,7,27.269,7.983581663,36.1,2374.480852,36.1,Cabral_Col6_Dil7_Dark,1,2433.16241
14,NA,Cabral_Col6_Dil6_Light,0.5,Cabral,36.4,6/10/23,Light,C,0.028321200950360198,NA,0.13,6.59,0.4,2,6/14/23,6,27.294,7.992232149,36.4,2353.187015,36.4,Cabral_Col6_Dil6_Dark,0.5,2401.021379
14,NA,Cabral_Col6_Dil5_Light,0.1,Cabral,36.5,6/10/23,Light,C,0.07718153434332707,NA,0.06,5.23,0.17,0.43,6/14/23,5,27.058,7.995809965,36.5,2342.277241,36.5,Cabral_Col6_Dil5_Dark,0.1,2396.451536
14,NA,Cabral_Col6_Dil4_Light,0.05,Cabral,36.5,6/10/23,Light,C,0.13910541934125803,NA,0.05,3.13,3.25,0.76,6/14/23,4,27.108,7.985024902,36.5,2369.001411,36.5,Cabral_Col6_Dil4_Dark,0.05,2416.980703
14,NA,Cabral_Col6_Dil3_Light,0.03,Cabral,36.6,6/10/23,Light,C,0.03457631001164584,NA,0.04,4.11,0.28,0.7,6/14/23,3,26.984,7.998755982,36.6,2382.397296,36.6,Cabral_Col6_Dil3_Dark,0.03,2385.141998
14,NA,Cabral_Col6_Dil2_Light,0.01,Cabral,36.5,6/10/23,Light,C,0.11834183789372879,NA,0.05,3.49,1.04,0.57,6/14/23,2,27.224,7.969949566,36.5,2364.618326,36.5,Cabral_Col6_Dil2_Dark,0.01,2387.582754
14,NA,Cabral_Col6_Dil1_Light,0,Cabral,36.6,6/10/23,Light,C,0.11389430408481976,NA,0.05,3.38,0.16,0.52,6/14/23,1,27.11,7.966742367,36.6,2400.146374,36.6,Cabral_Col6_Dil1_Dark,0,2376.083907
13,NA,Cabral_Col5_Dil9_Light,4,Cabral,35.2,6/10/23,Light,C,0.22902967254708811,NA,0.12,24.72,0.04,0.39,6/14/23,9,27.163,7.99836625,35.2,2357.879249,35.2,Cabral_Col5_Dil9_Dark,4,2410.363767
13,NA,Cabral_Col5_Dil8_Light,2,Cabral,35.9,6/10/23,Light,C,0.15024134308544165,NA,0.09,15.42,0.24,0.88,6/14/23,8,26.909,7.998371579,35.9,2343.77277,35.9,Cabral_Col5_Dil8_Dark,2,2427.573363
13,NA,Cabral_Col5_Dil7_Light,1,Cabral,36.1,6/10/23,Light,C,0.02359708228924922,NA,0.09,8.39,0.06,0.31,6/14/23,7,27.269,7.983581663,36.1,2380.764249,36.1,Cabral_Col5_Dil7_Dark,1,2433.16241
13,NA,Cabral_Col5_Dil6_Light,0.5,Cabral,36.4,6/10/23,Light,C,0.1506846355111427,NA,0.13,6.59,0.4,2,6/14/23,6,27.294,7.992232149,36.4,2340.395434,36.4,Cabral_Col5_Dil6_Dark,0.5,2401.021379
13,NA,Cabral_Col5_Dil5_Light,0.1,Cabral,36.5,6/10/23,Light,C,0.09416769237819539,NA,0.06,5.23,0.17,0.43,6/14/23,5,27.058,7.995809965,36.5,2351.838941,36.5,Cabral_Col5_Dil5_Dark,0.1,2396.451536
13,NA,Cabral_Col5_Dil4_Light,0.05,Cabral,36.5,6/10/23,Light,C,0.09637368760825318,NA,0.05,3.13,3.25,0.76,6/14/23,4,27.108,7.985024902,36.5,2361.937918,36.5,Cabral_Col5_Dil4_Dark,0.05,2416.980703
13,NA,Cabral_Col5_Dil3_Light,0.03,Cabral,36.6,6/10/23,Light,C,0.14457607282693027,NA,0.04,4.11,0.28,0.7,6/14/23,3,26.984,7.998755982,36.6,2362.172576,36.6,Cabral_Col5_Dil3_Dark,0.03,2385.141998
13,NA,Cabral_Col5_Dil2_Light,0.01,Cabral,36.5,6/10/23,Light,C,-0.028596261448684452,NA,0.05,3.49,1.04,0.57,6/14/23,2,27.224,7.969949566,36.5,2401.373533,36.5,Cabral_Col5_Dil2_Dark,0.01,2387.582754
13,NA,Cabral_Col5_Dil1_Light,0,Cabral,36.6,6/10/23,Light,C,0.18477745852846633,NA,0.05,3.38,0.16,0.52,6/14/23,1,27.11,7.966742367,36.6,2372.132104,36.6,Cabral_Col5_Dil1_Dark,0,2376.083907
18,NA,Cabral_Col10_Dil9_Light,4,Cabral,35.1,6/12/23,Light,C,0.06609118210646216,NA,0.07,25.7,0.32,1.99,6/14/23,9,28.389,8.004134508,35.1,2381.338346,35.1,Cabral_Col10_Dil9_Dark,4,2377.671921
18,NA,Cabral_Col10_Dil8_Light,2,Cabral,35.8,6/12/23,Light,C,-0.03913697744090206,NA,0.04,15.57,0.24,2.42,6/14/23,8,28.199,7.991501772,35.8,2393.560792,35.8,Cabral_Col10_Dil8_Dark,2,2368.313481
18,NA,Cabral_Col10_Dil7_Light,1,Cabral,36.1,6/12/23,Light,C,0.14179973183996697,NA,0.06,9.83,0.31,0.96,6/14/23,7,28.899,7.982119028,36.1,2394.8548,36.1,Cabral_Col10_Dil7_Dark,1,2386.611317
18,NA,Cabral_Col10_Dil6_Light,0.5,Cabral,36.3,6/12/23,Light,C,0.02684651230890275,NA,0.04,6.04,0.37,2.01,6/14/23,6,28.313,7.977503903,36.3,2367.783342,36.3,Cabral_Col10_Dil6_Dark,0.5,2370.703949
18,NA,Cabral_Col10_Dil5_Light,0.1,Cabral,36.4,6/12/23,Light,C,0.0933491647172949,NA,0.04,3.67,0.51,12.78,6/14/23,5,28.251,8.007015023,36.4,2391.804065,36.4,Cabral_Col10_Dil5_Dark,0.1,2387.15343
18,NA,Cabral_Col10_Dil4_Light,0.05,Cabral,36.6,6/12/23,Light,C,0.09619600267572212,NA,0.04,4.14,0.86,2.16,6/14/23,4,28.219,8.002864299,36.6,2381.965281,36.6,Cabral_Col10_Dil4_Dark,0.05,2378.482368
18,NA,Cabral_Col10_Dil3_Light,0.03,Cabral,36.4,6/12/23,Light,C,0.09266612282018549,NA,0.07,3.15,0.8,6.67,6/14/23,3,28.395,7.963168175,36.4,2408.60394,36.4,Cabral_Col10_Dil3_Dark,0.03,2378.494426
18,NA,Cabral_Col10_Dil2_Light,0.01,Cabral,36.6,6/12/23,Light,C,0.10106699115663095,NA,0.03,2.98,0.07,<0.02,6/14/23,2,27.982,7.991198619,36.6,2392.314449,36.6,Cabral_Col10_Dil2_Dark,0.01,2437.47068
18,NA,Cabral_Col10_Dil1_Light,0,Cabral,36.3,6/12/23,Light,C,0.09463077220039098,NA,0.03,2.58,0.23,0.16,6/14/23,1,28.172,7.976166127,36.3,2362.981772,36.3,Cabral_Col10_Dil1_Dark,0,2366.430138
