new_colonynumber,pH,sample_ID,SGD_number,site,salinity,date,light_dark,P_R,umol.cm2.hr,umol.cm2.hr_uncorr,phosphate_umolL,silicate_umolL,NN_umolL,ammonia_umolL,TrisCalDate,SGD_dil,temp_C,new_pH,salinity_insitu,TA,salinity_insitu_initial,sample_ID_initial,SGD_number_initial,TA_initial
1,8.06,Varari_Col1_Dil1_Light,0,Varari,37.3,6/17/23,LIGHT,NP,0.369581793,0.279429969,0.03,4.88,2.52,4.96,6/14/23,1,27.714,7.994816177,NA,NA,NA,NA,NA,2440.699175
1,8.06,Varari_Col1_Dil1_Dark,0,Varari,37.3,6/17/23,DARK,R,0.371674989,0.476025715,0.03,4.88,2.52,4.96,6/14/23,1,27.714,7.994816177,NA,NA,NA,NA,NA,2440.699175
1,8.06,Varari_Col1_Dil1_Light,0,Varari,37.3,6/17/23,LIGHT,GP,0.741256782,0.755455684,0.03,4.88,2.52,4.96,6/14/23,1,27.714,7.994816177,NA,NA,NA,NA,NA,2440.699175
1,8.06,Varari_Col1_Dil1_Light,0,Varari,37.3,6/17/23,Light,C,0.680676215,NA,0.03,4.88,2.52,4.96,6/14/23,1,27.714,7.994816177,37.3,2438.26195,37.3,Varari_Col1_Dil1_Dark,0,2440.699175
1,8.09,Varari_Col1_Dil2_Light,0.01,Varari,37.4,6/17/23,LIGHT,NP,0.45151527,0.405453516,0.06,4.51,4.67,4.07,6/14/23,2,27.764,8.021108644,NA,NA,NA,NA,NA,2437.499547
1,8.09,Varari_Col1_Dil2_Dark,0.01,Varari,37.4,6/17/23,DARK,R,0.377124632,0.430377044,0.06,4.51,4.67,4.07,6/14/23,2,27.764,8.021108644,NA,NA,NA,NA,NA,2437.499547
1,8.09,Varari_Col1_Dil2_Light,0.01,Varari,37.4,6/17/23,LIGHT,GP,0.828639902,0.83583056,0.06,4.51,4.67,4.07,6/14/23,2,27.764,8.021108644,NA,NA,NA,NA,NA,2437.499547
1,8.09,Varari_Col1_Dil2_Light,0.01,Varari,37.4,6/17/23,Light,C,0.109200378,NA,0.06,4.51,4.67,4.07,6/14/23,2,27.764,8.021108644,37.4,2449.282369,37.4,Varari_Col1_Dil2_Dark,0.01,2437.499547
1,8.07,Varari_Col1_Dil3_Light,0.03,Varari,37.4,6/17/23,LIGHT,NP,0.260825531,0.235534481,0.07,4.53,3.03,4.95,6/14/23,3,27.81,8.002025445,NA,NA,NA,NA,NA,2470.63337
1,8.07,Varari_Col1_Dil3_Dark,0.03,Varari,37.4,6/17/23,DARK,R,0.256530259,0.284838352,0.07,4.53,3.03,4.95,6/14/23,3,27.81,8.002025445,NA,NA,NA,NA,NA,2470.63337
1,8.07,Varari_Col1_Dil3_Light,0.03,Varari,37.4,6/17/23,LIGHT,GP,0.51735579,0.520372834,0.07,4.53,3.03,4.95,6/14/23,3,27.81,8.002025445,NA,NA,NA,NA,NA,2470.63337
1,8.07,Varari_Col1_Dil3_Light,0.03,Varari,37.4,6/17/23,Light,C,0.040090982,NA,0.07,4.53,3.03,4.95,6/14/23,3,27.81,8.002025445,37.4,2492.936803,37.4,Varari_Col1_Dil3_Dark,0.03,2470.63337
1,8.06,Varari_Col1_Dil4_Light,0.05,Varari,37.3,6/17/23,LIGHT,NP,0.477537247,0.451046625,0.08,4.82,1.87,3.32,6/14/23,4,27.795,7.98863231,NA,NA,NA,NA,NA,2427.532743
1,8.06,Varari_Col1_Dil4_Dark,0.05,Varari,37.3,6/17/23,DARK,R,0.409195536,0.435369887,0.08,4.82,1.87,3.32,6/14/23,4,27.795,7.98863231,NA,NA,NA,NA,NA,2427.532743
1,NA,Varari_Col1_Dil4_Light,0.05,Varari,37.3,6/17/23,LIGHT,GP,0.886732783,0.886416512,0.08,4.82,1.87,3.32,6/14/23,4,27.795,7.98863231,NA,NA,NA,NA,NA,2427.532743
1,NA,Varari_Col1_Dil4_Light,0.05,Varari,37.3,6/17/23,Light,C,0.096456871,NA,0.08,4.82,1.87,3.32,6/14/23,4,27.795,7.98863231,37.3,2426.240287,37.3,Varari_Col1_Dil4_Dark,0.05,2427.532743
1,8.07,Varari_Col1_Dil5_Light,0.1,Varari,37.3,6/17/23,LIGHT,NP,0.438438249,0.410390278,0.05,5.27,2.5,6.31,6/14/23,5,27.816,7.996704636,NA,NA,NA,NA,NA,2441.384493
1,8.07,Varari_Col1_Dil5_Dark,0.1,Varari,37.3,6/17/23,DARK,R,0.382364771,0.408807834,0.05,5.27,2.5,6.31,6/14/23,5,27.816,7.996704636,NA,NA,NA,NA,NA,2441.384493
1,NA,Varari_Col1_Dil5_Light,0.1,Varari,37.3,6/17/23,LIGHT,GP,0.820803019,0.819198111,0.05,5.27,2.5,6.31,6/14/23,5,27.816,7.996704636,NA,NA,NA,NA,NA,2441.384493
1,NA,Varari_Col1_Dil5_Light,0.1,Varari,37.3,6/17/23,Light,C,0.139638206,NA,0.05,5.27,2.5,6.31,6/14/23,5,27.816,7.996704636,37.3,2430.789996,37.3,Varari_Col1_Dil5_Dark,0.1,2441.384493
1,8.07,Varari_Col1_Dil6_Light,0.5,Varari,37.1,6/17/23,LIGHT,NP,0.29502768,0.263682362,0.05,7.07,2.23,4.4,6/14/23,6,27.818,7.996255731,NA,NA,NA,NA,NA,2447.2949
1,8.07,Varari_Col1_Dil6_Dark,0.5,Varari,37.1,6/17/23,DARK,R,0.28098102,0.316916378,0.05,7.07,2.23,4.4,6/14/23,6,27.818,7.996255731,NA,NA,NA,NA,NA,2447.2949
1,NA,Varari_Col1_Dil6_Light,0.5,Varari,37.1,6/17/23,LIGHT,GP,0.5760087,0.580598741,0.05,7.07,2.23,4.4,6/14/23,6,27.818,7.996255731,NA,NA,NA,NA,NA,2447.2949
1,NA,Varari_Col1_Dil6_Light,0.5,Varari,37.1,6/17/23,Light,C,0.181638903,NA,0.05,7.07,2.23,4.4,6/14/23,6,27.818,7.996255731,37.1,2443.270645,37.1,Varari_Col1_Dil6_Dark,0.5,2447.2949
1,8.06,Varari_Col1_Dil7_Light,1,Varari,37,6/17/23,LIGHT,NP,0.417692644,0.401771951,0.07,10.06,2.58,1.99,6/14/23,7,27.829,7.987516818,NA,NA,NA,NA,NA,2461.829614
1,8.06,Varari_Col1_Dil7_Dark,1,Varari,37,6/17/23,DARK,R,0.349320796,0.360453541,0.07,10.06,2.58,1.99,6/14/23,7,27.829,7.987516818,NA,NA,NA,NA,NA,2461.829614
1,NA,Varari_Col1_Dil7_Light,1,Varari,37,6/17/23,LIGHT,GP,0.76701344,0.762225492,0.07,10.06,2.58,1.99,6/14/23,7,27.829,7.987516818,NA,NA,NA,NA,NA,2461.829614
1,NA,Varari_Col1_Dil7_Light,1,Varari,37,6/17/23,Light,C,-0.024841326,NA,0.07,10.06,2.58,1.99,6/14/23,7,27.829,7.987516818,37,2514.647364,37,Varari_Col1_Dil7_Dark,1,2461.829614
1,8.06,Varari_Col1_Dil8_Light,2,Varari,36.6,6/17/23,LIGHT,NP,0.414356519,0.376227235,0.09,13.55,2.78,3.81,6/14/23,8,27.793,7.9938993,NA,NA,NA,NA,NA,2472.535253
1,8.06,Varari_Col1_Dil8_Dark,2,Varari,36.6,6/17/23,DARK,R,0.38444543,0.433450512,0.09,13.55,2.78,3.81,6/14/23,8,27.793,7.9938993,NA,NA,NA,NA,NA,2472.535253
1,NA,Varari_Col1_Dil8_Light,2,Varari,36.6,6/17/23,LIGHT,GP,0.798801948,0.809677746,0.09,13.55,2.78,3.81,6/14/23,8,27.793,7.9938993,NA,NA,NA,NA,NA,2472.535253
1,NA,Varari_Col1_Dil8_Light,2,Varari,36.6,6/17/23,Light,C,0.189030716,NA,0.09,13.55,2.78,3.81,6/14/23,8,27.793,7.9938993,36.6,2483.262838,36.6,Varari_Col1_Dil8_Dark,2,2472.535253
1,8.03,Varari_Col1_Dil9_Light,4,Varari,35.9,6/17/23,LIGHT,NP,0.388110074,0.344276862,0.13,22.86,3.21,5.31,6/14/23,9,27.887,7.959322072,NA,NA,NA,NA,NA,2580.241802
1,8.03,Varari_Col1_Dil9_Dark,4,Varari,35.9,6/17/23,DARK,R,0.318857002,0.361871137,0.13,22.86,3.21,5.31,6/14/23,9,27.887,7.959322072,NA,NA,NA,NA,NA,2580.241802
1,NA,Varari_Col1_Dil9_Light,4,Varari,35.9,6/17/23,LIGHT,GP,0.706967075,0.706147999,0.13,22.86,3.21,5.31,6/14/23,9,27.887,7.959322072,NA,NA,NA,NA,NA,2580.241802
1,NA,Varari_Col1_Dil9_Light,4,Varari,35.9,6/17/23,Light,C,0.02463999,NA,0.13,22.86,3.21,5.31,6/14/23,9,27.887,7.959322072,35.9,2612.424652,35.9,Varari_Col1_Dil9_Dark,4,2580.241802
2,8.06,Varari_Col2_Dil1_Light,0,Varari,37.3,6/17/23,LIGHT,NP,0.535926764,0.447387632,0.03,4.88,2.52,4.96,6/14/23,1,27.714,7.994816177,NA,NA,NA,NA,NA,2440.699175
2,8.06,Varari_Col2_Dil1_Dark,0,Varari,37.3,6/17/23,DARK,R,0.376441387,0.478925422,0.03,4.88,2.52,4.96,6/14/23,1,27.714,7.994816177,NA,NA,NA,NA,NA,2440.699175
2,8.06,Varari_Col2_Dil1_Light,0,Varari,37.3,6/17/23,Light,C,0.585745231,NA,0.03,4.88,2.52,4.96,6/14/23,1,27.714,7.994816177,37.3,2482.526374,37.3,Varari_Col2_Dil1_Dark,0,2440.699175
2,8.06,Varari_Col2_Dil1_Light,0,Varari,37.3,6/17/23,LIGHT,GP,0.912368151,0.926313054,0.03,4.88,2.52,4.96,6/14/23,1,27.714,7.994816177,NA,NA,NA,NA,NA,2440.699175
2,8.09,Varari_Col2_Dil2_Light,0.01,Varari,37.4,6/17/23,LIGHT,NP,0.478156832,0.426818299,0.06,4.51,4.67,4.07,6/14/23,2,27.764,8.021108644,NA,NA,NA,NA,NA,2437.499547
2,8.09,Varari_Col2_Dil2_Dark,0.01,Varari,37.4,6/17/23,DARK,R,0.264088712,0.323441657,0.06,4.51,4.67,4.07,6/14/23,2,27.764,8.021108644,NA,NA,NA,NA,NA,2437.499547
2,8.09,Varari_Col2_Dil2_Light,0.01,Varari,37.4,6/17/23,Light,C,0.114715926,NA,0.06,4.51,4.67,4.07,6/14/23,2,27.764,8.021108644,37.4,2456.904693,37.4,Varari_Col2_Dil2_Dark,0.01,2437.499547
2,8.09,Varari_Col2_Dil2_Light,0.01,Varari,37.4,6/17/23,LIGHT,GP,0.742245545,0.750259956,0.07,4.53,3.03,4.95,6/14/23,3,27.81,8.002025445,NA,NA,NA,NA,NA,2470.63337
2,8.07,Varari_Col2_Dil3_Light,0.03,Varari,37.4,6/17/23,LIGHT,NP,0.397421245,0.353271917,0.07,4.53,3.03,4.95,6/14/23,3,27.81,8.002025445,NA,NA,NA,NA,NA,2470.63337
2,8.07,Varari_Col2_Dil3_Dark,0.03,Varari,37.4,6/17/23,DARK,R,0.230477119,0.279893151,0.07,4.53,3.03,4.95,6/14/23,3,27.81,8.002025445,NA,NA,NA,NA,NA,2470.63337
2,8.07,Varari_Col2_Dil3_Light,0.03,Varari,37.4,6/17/23,Light,C,0.043418413,NA,0.07,4.53,3.03,4.95,6/14/23,3,27.81,8.002025445,37.4,2500.803311,37.4,Varari_Col2_Dil3_Dark,0.03,2470.63337
2,8.07,Varari_Col2_Dil3_Light,0.03,Varari,37.4,6/17/23,LIGHT,GP,0.627898364,0.633165068,0.07,4.53,3.03,4.95,6/14/23,3,27.81,8.002025445,NA,NA,NA,NA,NA,2470.63337
2,8.06,Varari_Col2_Dil4_Light,0.05,Varari,37.3,6/17/23,LIGHT,NP,0.690244194,0.659719101,0.08,4.82,1.87,3.32,6/14/23,4,27.795,7.98863231,NA,NA,NA,NA,NA,2427.532743
2,8.06,Varari_Col2_Dil4_Dark,0.05,Varari,37.3,6/17/23,DARK,R,0.351730762,0.381891417,0.08,4.82,1.87,3.32,6/14/23,4,27.795,7.98863231,NA,NA,NA,NA,NA,2427.532743
2,NA,Varari_Col2_Dil4_Light,0.05,Varari,37.3,6/17/23,Light,C,0.088155218,NA,0.08,4.82,1.87,3.32,6/14/23,4,27.795,7.98863231,37.3,2439.017346,37.3,Varari_Col2_Dil4_Dark,0.05,2427.532743
2,NA,Varari_Col2_Dil4_Light,0.05,Varari,37.4,6/17/23,LIGHT,GP,1.041974957,1.041610519,0.08,4.82,1.87,3.32,6/14/23,4,27.795,7.98863231,37.3,2439.017346,NA,NA,NA,2427.532743
2,8.07,Varari_Col2_Dil5_Light,0.1,Varari,37.3,6/17/23,LIGHT,NP,0.698352919,0.653671746,0.05,5.27,2.5,6.31,6/14/23,5,27.816,7.996704636,NA,NA,NA,NA,NA,2441.384493
2,8.07,Varari_Col2_Dil5_Dark,0.1,Varari,37.3,6/17/23,DARK,R,0.345348186,0.387472698,0.05,5.27,2.5,6.31,6/14/23,5,27.816,7.996704636,NA,NA,NA,NA,NA,2441.384493
2,NA,Varari_Col2_Dil5_Light,0.1,Varari,37.3,6/17/23,Light,C,0.095821746,NA,0.05,5.27,2.5,6.31,6/14/23,5,27.816,7.996704636,37.3,2460.231538,37.3,Varari_Col2_Dil5_Dark,0.1,2441.384493
2,NA,Varari_Col2_Dil5_Light,0.1,Varari,37.3,6/17/23,LIGHT,GP,1.043701105,1.041144444,0.05,5.27,2.5,6.31,6/14/23,5,27.816,7.996704636,37.3,2460.231538,NA,NA,NA,2441.384493
2,8.07,Varari_Col2_Dil6_Light,0.5,Varari,37.1,6/17/23,LIGHT,NP,0.429798975,0.406334419,0.05,7.07,2.23,4.4,6/14/23,6,27.818,7.996255731,NA,NA,NA,NA,NA,2447.2949
2,8.07,Varari_Col2_Dil6_Dark,0.5,Varari,37.1,6/17/23,DARK,R,0.247892612,0.274793192,0.05,7.07,2.23,4.4,6/14/23,6,27.818,7.996255731,NA,NA,NA,NA,NA,2447.2949
2,NA,Varari_Col2_Dil6_Light,0.5,Varari,37.1,6/17/23,LIGHT,GP,0.677691587,0.681127611,0.05,7.07,2.23,4.4,6/14/23,6,27.818,7.996255731,NA,NA,NA,NA,NA,2447.2949
2,NA,Varari_Col2_Dil6_Light,0.5,Varari,37.1,6/17/23,Light,C,0.06852199,NA,0.05,7.07,2.23,4.4,6/14/23,6,27.818,7.996255731,37.1,2472.193149,37.1,Varari_Col2_Dil6_Dark,0.5,2447.2949
2,8.06,Varari_Col2_Dil7_Light,1,Varari,37,6/17/23,LIGHT,NP,0.617191579,0.560799184,0.07,10.06,2.58,1.99,6/14/23,7,27.829,7.987516818,NA,NA,NA,NA,NA,2461.829614
2,8.06,Varari_Col2_Dil7_Dark,1,Varari,37,6/17/23,DARK,R,0.285581953,0.325015046,0.07,10.06,2.58,1.99,6/14/23,7,27.829,7.987516818,NA,NA,NA,NA,NA,2461.829614
2,NA,Varari_Col2_Dil7_Light,1,Varari,37,6/17/23,LIGHT,GP,0.902773532,0.88581423,0.07,10.06,2.58,1.99,6/14/23,7,27.829,7.987516818,NA,NA,NA,NA,NA,2461.829614
2,NA,Varari_Col2_Dil7_Light,1,Varari,37,6/17/23,Light,C,0.18377875,NA,0.07,10.06,2.58,1.99,6/14/23,7,27.829,7.987516818,37,2483.040044,37,Varari_Col2_Dil7_Dark,1,2461.829614
2,8.06,Varari_Col2_Dil8_Light,2,Varari,36.6,6/17/23,LIGHT,NP,0.441078882,0.416831355,0.09,13.55,2.78,3.81,6/14/23,8,27.793,7.9938993,NA,NA,NA,NA,NA,2472.535253
2,8.06,Varari_Col2_Dil8_Dark,2,Varari,36.6,6/17/23,DARK,R,0.36309972,0.394263485,0.09,13.55,2.78,3.81,6/14/23,8,27.793,7.9938993,NA,NA,NA,NA,NA,2472.535253
2,NA,Varari_Col2_Dil8_Light,2,Varari,36.6,6/17/23,LIGHT,GP,0.804178602,0.81109484,0.09,13.55,2.78,3.81,6/14/23,8,27.793,7.9938993,NA,NA,NA,NA,NA,2472.535253
2,NA,Varari_Col2_Dil8_Light,2,Varari,36.6,6/17/23,Light,C,0.094230514,NA,0.09,13.55,2.78,3.81,6/14/23,8,27.793,7.9938993,36.6,2498.71768,36.6,Varari_Col2_Dil8_Dark,2,2472.535253
2,8.03,Varari_Col2_Dil9_Light,4,Varari,35.9,6/17/23,LIGHT,NP,0.663215546,0.604590665,0.13,22.86,3.21,5.31,6/14/23,9,27.887,7.959322072,NA,NA,NA,NA,NA,2580.241802
2,8.03,Varari_Col2_Dil9_Dark,4,Varari,35.9,6/17/23,DARK,R,0.30696043,0.364489835,0.13,22.86,3.21,5.31,6/14/23,9,27.887,7.959322072,NA,NA,NA,NA,NA,2580.241802
2,NA,Varari_Col2_Dil9_Light,4,Varari,35.9,6/17/23,LIGHT,GP,0.970175976,0.969080499,0.13,22.86,3.21,5.31,6/14/23,9,27.887,7.959322072,NA,NA,NA,NA,NA,2580.241802
2,NA,Varari_Col2_Dil9_Light,4,Varari,35.9,6/17/23,Light,C,-0.098539318,NA,0.13,22.86,3.21,5.31,6/14/23,9,27.887,7.959322072,35.9,2639.130211,35.9,Varari_Col2_Dil9_Dark,4,2580.241802
3,8.06,Varari_Col3_Dil1_Light,0,Varari,37.3,6/17/23,LIGHT,NP,0.567887303,0.511837977,0.03,4.88,2.52,4.96,6/14/23,1,27.714,7.994816177,NA,NA,NA,NA,NA,2440.699175
3,8.06,Varari_Col3_Dil1_Dark,0,Varari,37.3,6/17/23,DARK,R,0.309789768,0.374666857,0.03,4.88,2.52,4.96,6/14/23,1,27.714,7.994816177,NA,NA,NA,NA,NA,2440.699175
3,8.06,Varari_Col3_Dil1_Light,0,Varari,37.3,6/17/23,LIGHT,GP,0.877677071,0.886504834,0.03,4.88,2.52,4.96,6/14/23,1,27.714,7.994816177,NA,NA,NA,NA,NA,2440.699175
3,8.06,Varari_Col3_Dil1_Light,0,Varari,37.3,6/17/23,Light,C,0.225782644,NA,0.03,4.88,2.52,4.96,6/14/23,1,27.714,7.994816177,37.3,2513.591198,37.3,Varari_Col3_Dil1_Dark,0,2440.699175
3,8.09,Varari_Col3_Dil2_Light,0.01,Varari,37.4,6/17/23,LIGHT,NP,0.473132983,0.448141994,0.06,4.51,4.67,4.07,6/14/23,2,27.764,8.021108644,NA,NA,NA,NA,NA,2437.499547
3,8.09,Varari_Col3_Dil2_Dark,0.01,Varari,37.4,6/17/23,DARK,R,0.295189765,0.324082075,0.06,4.51,4.67,4.07,6/14/23,2,27.764,8.021108644,NA,NA,NA,NA,NA,2437.499547
3,8.09,Varari_Col3_Dil2_Light,0.01,Varari,37.4,6/17/23,LIGHT,GP,0.768322749,0.772224069,0.06,4.51,4.67,4.07,6/14/23,2,27.764,8.021108644,NA,NA,NA,NA,NA,2437.499547
3,8.09,Varari_Col3_Dil2_Light,0.01,Varari,37.4,6/17/23,Light,C,-0.078911646,NA,0.06,4.51,4.67,4.07,6/14/23,2,27.764,8.021108644,37.4,2518.479657,37.4,Varari_Col3_Dil2_Dark,0.01,2437.499547
3,8.07,Varari_Col3_Dil3_Light,0.03,Varari,37.4,6/17/23,LIGHT,NP,0.26468585,0.224052606,0.07,4.53,3.03,4.95,6/14/23,3,27.81,8.002025445,NA,NA,NA,NA,NA,2470.63337
3,8.07,Varari_Col3_Dil3_Dark,0.03,Varari,37.4,6/17/23,DARK,R,0.215201133,0.260681637,0.07,4.53,3.03,4.95,6/14/23,3,27.81,8.002025445,NA,NA,NA,NA,NA,2470.63337
3,8.07,Varari_Col3_Dil3_Light,0.03,Varari,37.4,6/17/23,LIGHT,GP,0.479886983,0.484734243,0.07,4.53,3.03,4.95,6/14/23,3,27.81,8.002025445,NA,NA,NA,NA,NA,2470.63337
3,8.07,Varari_Col3_Dil3_Light,0.03,Varari,37.4,6/17/23,Light,C,-0.14872823,NA,0.07,4.53,3.03,4.95,6/14/23,3,27.81,8.002025445,37.4,2542.368009,37.4,Varari_Col3_Dil3_Dark,0.03,2470.63337
3,8.06,Varari_Col3_Dil4_Light,0.05,Varari,37.3,6/17/23,LIGHT,NP,0.356755232,0.331427543,0.08,4.82,1.87,3.32,6/14/23,4,27.795,7.98863231,NA,NA,NA,NA,NA,2427.532743
3,8.06,Varari_Col3_Dil4_Dark,0.05,Varari,37.3,6/17/23,DARK,R,0.310555366,0.335580668,0.08,4.82,1.87,3.32,6/14/23,4,27.795,7.98863231,NA,NA,NA,NA,NA,2427.532743
3,NA,Varari_Col3_Dil4_Light,0.05,Varari,37.3,6/17/23,LIGHT,GP,0.667310597,0.667008211,0.08,4.82,1.87,3.32,6/14/23,4,27.795,7.98863231,NA,NA,NA,NA,NA,2427.532743
3,NA,Varari_Col3_Dil4_Light,0.05,Varari,37.3,6/17/23,Light,C,-0.022528995,NA,0.08,4.82,1.87,3.32,6/14/23,4,27.795,7.98863231,37.3,2469.675977,37.3,Varari_Col3_Dil4_Dark,0.05,2427.532743
3,8.07,Varari_Col3_Dil5_Light,0.1,Varari,37.3,6/17/23,LIGHT,NP,0.550807204,0.526952765,0.05,5.27,2.5,6.31,6/14/23,5,27.816,7.996704636,NA,NA,NA,NA,NA,2441.384493
3,8.07,Varari_Col3_Dil5_Dark,0.1,Varari,37.3,6/17/23,DARK,R,0.316261132,0.338750617,0.05,5.27,2.5,6.31,6/14/23,5,27.816,7.996704636,NA,NA,NA,NA,NA,2441.384493
3,NA,Varari_Col3_Dil5_Light,0.1,Varari,37.3,6/17/23,LIGHT,GP,0.867068336,0.865703383,0.05,5.27,2.5,6.31,6/14/23,5,27.816,7.996704636,NA,NA,NA,NA,NA,2441.384493
3,NA,Varari_Col3_Dil5_Light,0.1,Varari,37.3,6/17/23,Light,C,-0.076848905,NA,0.05,5.27,2.5,6.31,6/14/23,5,27.816,7.996704636,37.3,2502.807205,37.3,Varari_Col3_Dil5_Dark,0.1,2441.384493
3,8.07,Varari_Col3_Dil6_Light,0.5,Varari,37.1,6/17/23,LIGHT,NP,0.50687842,0.460744584,0.05,7.07,2.23,4.4,6/14/23,6,27.818,7.996255731,NA,NA,NA,NA,NA,2447.2949
3,8.07,Varari_Col3_Dil6_Dark,0.5,Varari,37.1,6/17/23,DARK,R,0.28551336,0.338402788,0.05,7.07,2.23,4.4,6/14/23,6,27.818,7.996255731,NA,NA,NA,NA,NA,2447.2949
3,NA,Varari_Col3_Dil6_Light,0.5,Varari,37.1,6/17/23,LIGHT,GP,0.79239178,0.799147372,0.05,7.07,2.23,4.4,6/14/23,6,27.818,7.996255731,NA,NA,NA,NA,NA,2447.2949
3,NA,Varari_Col3_Dil6_Light,0.5,Varari,37.1,6/17/23,Light,C,-0.10249487,NA,0.05,7.07,2.23,4.4,6/14/23,6,27.818,7.996255731,37.1,2509.361504,37.1,Varari_Col3_Dil6_Dark,0.5,2447.2949
3,8.06,Varari_Col3_Dil7_Light,1,Varari,37,6/17/23,LIGHT,NP,0.338971419,0.305084031,0.07,10.06,2.58,1.99,6/14/23,7,27.829,7.987516818,NA,NA,NA,NA,NA,2461.829614
3,8.06,Varari_Col3_Dil7_Dark,1,Varari,37,6/17/23,DARK,R,0.289731605,0.313427788,0.07,10.06,2.58,1.99,6/14/23,7,27.829,7.987516818,NA,NA,NA,NA,NA,2461.829614
3,NA,Varari_Col3_Dil7_Light,1,Varari,37,6/17/23,LIGHT,GP,0.628703025,0.61851182,0.07,10.06,2.58,1.99,6/14/23,7,27.829,7.987516818,NA,NA,NA,NA,NA,2461.829614
3,NA,Varari_Col3_Dil7_Light,1,Varari,37,6/17/23,Light,C,-0.052518647,NA,0.07,10.06,2.58,1.99,6/14/23,7,27.829,7.987516818,37,2513.660708,37,Varari_Col3_Dil7_Dark,1,2461.829614
3,8.06,Varari_Col3_Dil8_Light,2,Varari,36.6,6/17/23,LIGHT,NP,0.588041941,0.565660216,0.09,13.55,2.78,3.81,6/14/23,8,27.793,7.9938993,NA,NA,NA,NA,NA,2472.535253
3,8.06,Varari_Col3_Dil8_Dark,2,Varari,36.6,6/17/23,DARK,R,0.250076259,0.27884203,0.09,13.55,2.78,3.81,6/14/23,8,27.793,7.9938993,NA,NA,NA,NA,NA,2472.535253
3,NA,Varari_Col3_Dil8_Light,2,Varari,36.6,6/17/23,LIGHT,GP,0.8381182,0.844502246,0.09,13.55,2.78,3.81,6/14/23,8,27.793,7.9938993,NA,NA,NA,NA,NA,2472.535253
3,NA,Varari_Col3_Dil8_Light,2,Varari,36.6,6/17/23,Light,C,-0.033597752,NA,0.09,13.55,2.78,3.81,6/14/23,8,27.793,7.9938993,36.6,2537.164029,36.6,Varari_Col3_Dil8_Dark,2,2472.535253
3,8.03,Varari_Col3_Dil9_Light,4,Varari,35.9,6/17/23,LIGHT,NP,0.487482845,0.448348852,0.13,22.86,3.21,5.31,6/14/23,9,27.887,7.959322072,NA,NA,NA,NA,NA,2580.241802
3,8.03,Varari_Col3_Dil9_Dark,4,Varari,35.9,6/17/23,DARK,R,0.226329559,0.264732286,0.13,22.86,3.21,5.31,6/14/23,9,27.887,7.959322072,NA,NA,NA,NA,NA,2580.241802
3,NA,Varari_Col3_Dil9_Light,4,Varari,35.9,6/17/23,LIGHT,GP,0.713812404,0.713081138,0.13,22.86,3.21,5.31,6/14/23,9,27.887,7.959322072,NA,NA,NA,NA,NA,2580.241802
3,NA,Varari_Col3_Dil9_Light,4,Varari,35.9,6/17/23,Light,C,-0.184701827,NA,0.13,22.86,3.21,5.31,6/14/23,9,27.887,7.959322072,35.9,2681.361697,35.9,Varari_Col3_Dil9_Dark,4,2580.241802
4,8.09,Varari_Col4_Dil1_Light,0,Varari,36.4,6/18/23,LIGHT,NP,0.283526964,0.25317391,0.05,3.63,0.99,1.49,6/14/23,1,28.695,8.012340938,NA,NA,NA,NA,NA,2388.02795
4,8.09,Varari_Col4_Dil1_Dark,0,Varari,36.4,6/18/23,DARK,R,0.355866663,0.391941826,0.05,3.63,0.99,1.49,6/14/23,1,28.695,8.012340938,NA,NA,NA,NA,NA,2388.02795
4,8.09,Varari_Col4_Dil1_Light,0,Varari,36.4,6/18/23,LIGHT,GP,0.639393626,0.645115735,0.05,3.63,0.99,1.49,6/14/23,1,28.695,8.012340938,NA,NA,NA,NA,NA,2388.02795
4,8.09,Varari_Col4_Dil1_Light,0,Varari,36.4,6/18/23,Light,C,0.036712579,NA,0.05,3.63,0.99,1.49,6/14/23,1,28.695,8.012340938,36.4,2394.6567,36.4,Varari_Col4_Dil1_Dark,0,2388.02795
4,8.01,Varari_Col4_Dil2_Light,0.01,Varari,36.7,6/18/23,LIGHT,NP,0.288550064,0.273938655,0.07,3.65,3.26,3.59,6/14/23,2,28.644,7.926842749,NA,NA,NA,NA,NA,2378.83987
4,8.01,Varari_Col4_Dil2_Dark,0.01,Varari,36.7,6/18/23,DARK,R,0.476286988,0.488383305,0.07,3.65,3.26,3.59,6/14/23,2,28.644,7.926842749,NA,NA,NA,NA,NA,2378.83987
4,8.01,Varari_Col4_Dil2_Light,0.01,Varari,36.7,6/18/23,LIGHT,GP,0.764837052,0.762321959,0.07,3.65,3.26,3.59,6/14/23,2,28.644,7.926842749,NA,NA,NA,NA,NA,2378.83987
4,8.01,Varari_Col4_Dil2_Light,0.01,Varari,36.7,6/18/23,Light,C,0.024679701,NA,0.07,3.65,3.26,3.59,6/14/23,2,28.644,7.926842749,36.7,2382.785971,36.7,Varari_Col4_Dil2_Dark,0.01,2378.83987
4,8.06,Varari_Col4_Dil3_Light,0.03,Varari,36.7,6/18/23,LIGHT,NP,0.126648216,0.116804714,0.03,3.14,2.63,0.52,6/14/23,3,28.724,7.974131193,NA,NA,NA,NA,NA,2378.42618
4,8.06,Varari_Col4_Dil3_Dark,0.03,Varari,36.7,6/18/23,DARK,R,0.32970999,0.342063842,0.03,3.14,2.63,0.52,6/14/23,3,28.724,7.974131193,NA,NA,NA,NA,NA,2378.42618
4,8.06,Varari_Col4_Dil3_Light,0.03,Varari,36.7,6/18/23,LIGHT,GP,0.456358206,0.458868555,0.03,3.14,2.63,0.52,6/14/23,3,28.724,7.974131193,NA,NA,NA,NA,NA,2378.42618
4,8.06,Varari_Col4_Dil3_Light,0.03,Varari,36.7,6/18/23,Light,C,0.073212045,NA,0.03,3.14,2.63,0.52,6/14/23,3,28.724,7.974131193,36.7,2380.394282,36.7,Varari_Col4_Dil3_Dark,0.03,2378.42618
4,8.06,Varari_Col4_Dil4_Light,0.05,Varari,36.5,6/18/23,LIGHT,NP,Inf,Inf,0.06,2.89,1.63,0.79,6/14/23,4,28.809,7.977524233,NA,NA,NA,NA,NA,2373.20997
4,8.06,Varari_Col4_Dil4_Dark,0.05,Varari,36.5,6/18/23,DARK,R,Inf,Inf,0.06,2.89,1.63,0.79,6/14/23,4,28.809,7.977524233,NA,NA,NA,NA,NA,2373.20997
4,NA,Varari_Col4_Dil4_Light,0.05,Varari,36.5,6/18/23,LIGHT,GP,Inf,Inf,0.06,2.89,1.63,0.79,6/14/23,4,28.809,7.977524233,NA,NA,NA,NA,NA,2373.20997
4,NA,Varari_Col4_Dil4_Light,0.05,Varari,36.5,6/18/23,Light,C,Inf,NA,0.06,2.89,1.63,0.79,6/14/23,4,28.809,7.977524233,36.5,2367.51833,36.5,Varari_Col4_Dil4_Dark,0.05,2373.20997
4,8.07,Varari_Col4_Dil5_Light,0.1,Varari,36.6,6/18/23,LIGHT,NP,0.226158477,0.211915521,0.03,3.33,3.14,4.89,6/14/23,5,28.728,7.983888717,NA,NA,NA,NA,NA,2381.8341
4,8.07,Varari_Col4_Dil5_Dark,0.1,Varari,36.6,6/18/23,DARK,R,0.494080933,0.508969956,0.03,3.33,3.14,4.89,6/14/23,5,28.728,7.983888717,NA,NA,NA,NA,NA,2381.8341
4,NA,Varari_Col4_Dil5_Light,0.1,Varari,36.6,6/18/23,LIGHT,GP,0.72023941,0.720885477,0.03,3.33,3.14,4.89,6/14/23,5,28.728,7.983888717,NA,NA,NA,NA,NA,2381.8341
4,NA,Varari_Col4_Dil5_Light,0.1,Varari,36.6,6/18/23,Light,C,0.06038783,NA,0.03,3.33,3.14,4.89,6/14/23,5,28.728,7.983888717,36.6,2385.940605,36.6,Varari_Col4_Dil5_Dark,0.1,2381.8341
4,8.08,Varari_Col4_Dil6_Light,0.5,Varari,36.5,6/18/23,LIGHT,NP,0.234175305,0.224894904,0.02,4.82,2.84,1.24,6/14/23,6,28.782,7.994600756,NA,NA,NA,NA,NA,2383.81035
4,8.08,Varari_Col4_Dil6_Dark,0.5,Varari,36.5,6/18/23,DARK,R,0.318755873,0.326682437,0.02,4.82,2.84,1.24,6/14/23,6,28.782,7.994600756,NA,NA,NA,NA,NA,2383.81035
4,NA,Varari_Col4_Dil6_Light,0.5,Varari,36.5,6/18/23,LIGHT,GP,0.552931178,0.551577341,0.02,4.82,2.84,1.24,6/14/23,6,28.782,7.994600756,NA,NA,NA,NA,NA,2383.81035
4,NA,Varari_Col4_Dil6_Light,0.5,Varari,36.5,6/18/23,Light,C,0.059782023,NA,0.02,4.82,2.84,1.24,6/14/23,6,28.782,7.994600756,36.5,2389.74034,36.5,Varari_Col4_Dil6_Dark,0.5,2383.81035
4,8.1,Varari_Col4_Dil7_Light,1,Varari,36.1,6/18/23,LIGHT,NP,0.303378379,0.288842801,0.04,8.07,1.08,0.48,6/14/23,7,28.788,8.015414786,NA,NA,NA,NA,NA,2395.06591
4,8.1,Varari_Col4_Dil7_Dark,1,Varari,36.1,6/18/23,DARK,R,0.428088948,0.434067345,0.04,8.07,1.08,0.48,6/14/23,7,28.788,8.015414786,NA,NA,NA,NA,NA,2395.06591
4,NA,Varari_Col4_Dil7_Light,1,Varari,36.1,6/18/23,LIGHT,GP,0.731467326,0.722910146,0.04,8.07,1.08,0.48,6/14/23,7,28.788,8.015414786,NA,NA,NA,NA,NA,2395.06591
4,NA,Varari_Col4_Dil7_Light,1,Varari,36.1,6/18/23,Light,C,0.056625945,NA,0.04,8.07,1.08,0.48,6/14/23,7,28.788,8.015414786,36.1,2386.651362,36.1,Varari_Col4_Dil7_Dark,1,2395.06591
4,8.07,Varari_Col4_Dil8_Light,2,Varari,36,6/18/23,LIGHT,NP,0.258480017,0.23922787,0.07,13.59,3.54,1.73,6/14/23,8,28.741,7.987511582,NA,NA,NA,NA,NA,2434.37846
4,8.07,Varari_Col4_Dil8_Dark,2,Varari,36,6/18/23,DARK,R,0.497805355,0.514358375,0.07,13.59,3.54,1.73,6/14/23,8,28.741,7.987511582,NA,NA,NA,NA,NA,2434.37846
4,NA,Varari_Col4_Dil8_Light,2,Varari,36,6/18/23,LIGHT,GP,0.756285373,0.753586245,0.07,13.59,3.54,1.73,6/14/23,8,28.741,7.987511582,NA,NA,NA,NA,NA,2434.37846
4,NA,Varari_Col4_Dil8_Light,2,Varari,36,6/18/23,Light,C,0.028512426,NA,0.07,13.59,3.54,1.73,6/14/23,8,28.741,7.987511582,36,2440.306591,36,Varari_Col4_Dil8_Dark,2,2434.37846
4,8.06,Varari_Col4_Dil9_Light,4,Varari,35.3,6/18/23,LIGHT,NP,0.316389213,0.295866322,1.07,18.09,4.47,22.62,6/14/23,9,28.826,7.979925701,NA,NA,NA,NA,NA,2484.55214
4,8.06,Varari_Col4_Dil9_Dark,4,Varari,35.3,6/18/23,DARK,R,0.3465013,0.365534045,1.07,18.09,4.47,22.62,6/14/23,9,28.826,7.979925701,NA,NA,NA,NA,NA,2484.55214
4,NA,Varari_Col4_Dil9_Light,4,Varari,35.3,6/18/23,LIGHT,GP,0.662890513,0.661400367,1.07,18.09,4.47,22.62,6/14/23,9,28.826,7.979925701,NA,NA,NA,NA,NA,2484.55214
4,NA,Varari_Col4_Dil9_Light,4,Varari,35.3,6/18/23,Light,C,-0.425040075,NA,1.07,18.09,4.47,22.62,6/14/23,9,28.826,7.979925701,35.3,2681.361697,35.3,Varari_Col4_Dil9_Dark,4,2484.55214
5,8.11,Varari_Col5_Dil2_Light,0.01,Varari,36.4,6/21/23,LIGHT,NP,0.312219543,0.239217348,0.04,1.78,0.52,1.77,6/14/23,2,29.187,8.025282823,NA,NA,NA,NA,NA,2384.387201
5,8.11,Varari_Col5_Dil2_Dark,0.01,Varari,36.4,6/21/23,DARK,R,0.33808904,0.404724725,0.04,1.78,0.52,1.77,6/14/23,2,29.187,8.025282823,NA,NA,NA,NA,NA,2384.387201
5,8.11,Varari_Col5_Dil2_Light,0.01,Varari,36.4,6/21/23,LIGHT,GP,0.650308583,0.643942073,0.04,1.78,0.52,1.77,6/14/23,2,29.187,8.025282823,NA,NA,NA,NA,NA,2384.387201
5,8.11,Varari_Col5_Dil2_Light,0.01,Varari,36.4,6/21/23,Light,C,0.15921707,NA,0.04,1.78,0.52,1.77,6/14/23,2,29.187,8.025282823,36.4,2388.411553,36.4,Varari_Col5_Dil2_Dark,0.01,2384.387201
5,8.12,Varari_Col5_Dil3_Light,0.03,Varari,36.3,6/21/23,LIGHT,NP,0.331510334,0.299027514,0.04,1.93,1.79,7.35,6/14/23,3,29.115,8.032791308,NA,NA,NA,NA,NA,2367.39884
5,8.12,Varari_Col5_Dil3_Dark,0.03,Varari,36.3,6/21/23,DARK,R,0.287275582,0.317207326,0.04,1.93,1.79,7.35,6/14/23,3,29.115,8.032791308,NA,NA,NA,NA,NA,2367.39884
5,8.12,Varari_Col5_Dil3_Light,0.03,Varari,36.3,6/21/23,LIGHT,GP,0.618785916,0.61623484,0.04,1.93,1.79,7.35,6/14/23,3,29.115,8.032791308,NA,NA,NA,NA,NA,2367.39884
5,8.12,Varari_Col5_Dil3_Light,0.03,Varari,36.3,6/21/23,Light,C,0.127626809,NA,0.04,1.93,1.79,7.35,6/14/23,3,29.115,8.032791308,36.3,2375.090281,36.3,Varari_Col5_Dil3_Dark,0.03,2367.39884
5,8.11,Varari_Col5_Dil4_Light,0.05,Varari,36.3,6/21/23,LIGHT,NP,0.469099694,0.386572428,0.04,1.86,0.28,0.22,6/14/23,4,29.11,8.024526644,NA,NA,NA,NA,NA,2364.629086
5,8.11,Varari_Col5_Dil4_Dark,0.05,Varari,36.3,6/21/23,DARK,R,0.295395062,0.393419785,0.04,1.86,0.28,0.22,6/14/23,4,29.11,8.024526644,NA,NA,NA,NA,NA,2364.629086
5,NA,Varari_Col5_Dil4_Light,0.05,Varari,36.3,6/21/23,LIGHT,GP,0.764494757,0.779992213,0.04,1.86,0.28,0.22,6/14/23,4,29.11,8.024526644,NA,NA,NA,NA,NA,2364.629086
5,NA,Varari_Col5_Dil4_Light,0.05,Varari,36.3,6/21/23,Light,C,0.149528778,NA,0.04,1.86,0.28,0.22,6/14/23,4,29.11,8.024526644,36.3,2381.933793,36.3,Varari_Col5_Dil4_Dark,0.05,2364.629086
5,8.12,Varari_Col5_Dil5_Light,0.1,Varari,36.3,6/21/23,LIGHT,NP,0.256175407,0.200019688,0.27,2.63,1.32,9.69,6/14/23,5,29.156,8.028865456,NA,NA,NA,NA,NA,2388.441818
5,8.12,Varari_Col5_Dil5_Dark,0.1,Varari,36.3,6/21/23,DARK,R,0.297901921,0.344298634,0.27,2.63,1.32,9.69,6/14/23,5,29.156,8.028865456,NA,NA,NA,NA,NA,2388.441818
5,NA,Varari_Col5_Dil5_Light,0.1,Varari,36.3,6/21/23,LIGHT,GP,0.554077328,0.544318323,0.27,2.63,1.32,9.69,6/14/23,5,29.156,8.028865456,NA,NA,NA,NA,NA,2388.441818
5,NA,Varari_Col5_Dil5_Light,0.1,Varari,36.3,6/21/23,Light,C,0.135674163,NA,0.27,2.63,1.32,9.69,6/14/23,5,29.156,8.028865456,36.3,2390.421068,36.3,Varari_Col5_Dil5_Dark,0.1,2388.441818
5,8.09,Varari_Col5_Dil6_Light,0.5,Varari,36.2,6/21/23,LIGHT,NP,0.272332136,0.250437632,0.05,4.94,0.29,5.38,6/14/23,6,29.155,8.007009687,NA,NA,NA,NA,NA,2391.440484
5,8.09,Varari_Col5_Dil6_Dark,0.5,Varari,36.2,6/21/23,DARK,R,0.258623297,0.279353831,0.05,4.94,0.29,5.38,6/14/23,6,29.155,8.007009687,NA,NA,NA,NA,NA,2391.440484
5,NA,Varari_Col5_Dil6_Light,0.5,Varari,36.2,6/21/23,LIGHT,GP,0.530955433,0.529791464,0.05,4.94,0.29,5.38,6/14/23,6,29.155,8.007009687,NA,NA,NA,NA,NA,2391.440484
5,NA,Varari_Col5_Dil6_Light,0.5,Varari,36.2,6/21/23,Light,C,0.057540182,NA,0.05,4.94,0.29,5.38,6/14/23,6,29.155,8.007009687,36.2,2397.04368,36.2,Varari_Col5_Dil6_Dark,0.5,2391.440484
5,8.09,Varari_Col5_Dil7_Light,1,Varari,36,6/21/23,LIGHT,NP,0.340465377,0.304841334,0.2,5.55,3.05,15.29,6/14/23,7,29.13,8.001972866,NA,NA,NA,NA,NA,2407.472045
5,8.09,Varari_Col5_Dil7_Dark,1,Varari,36,6/21/23,DARK,R,0.310652029,0.341390183,0.2,5.55,3.05,15.29,6/14/23,7,29.13,8.001972866,NA,NA,NA,NA,NA,2407.472045
5,NA,Varari_Col5_Dil7_Light,1,Varari,36,6/21/23,LIGHT,GP,0.651117406,0.646231517,0.2,5.55,3.05,15.29,6/14/23,7,29.13,8.001972866,NA,NA,NA,NA,NA,2407.472045
5,NA,Varari_Col5_Dil7_Light,1,Varari,36,6/21/23,Light,C,0.155769831,NA,0.2,5.55,3.05,15.29,6/14/23,7,29.13,8.001972866,36,2405.270071,36,Varari_Col5_Dil7_Dark,1,2407.472045
5,8.1,Varari_Col5_Dil8_Light,2,Varari,35.9,6/21/23,LIGHT,NP,0.308361581,0.246447311,0.07,9.9,1.02,5.44,6/14/23,8,28.909,8.019957013,NA,NA,NA,NA,NA,2429.451371
5,8.1,Varari_Col5_Dil8_Dark,2,Varari,35.9,6/21/23,DARK,R,0.298442908,0.36245566,0.07,9.9,1.02,5.44,6/14/23,8,28.909,8.019957013,NA,NA,NA,NA,NA,2429.451371
5,NA,Varari_Col5_Dil8_Light,2,Varari,35.9,6/21/23,LIGHT,GP,0.606804489,0.608902971,0.07,9.9,1.02,5.44,6/14/23,8,28.909,8.019957013,NA,NA,NA,NA,NA,2429.451371
5,NA,Varari_Col5_Dil8_Light,2,Varari,35.9,6/21/23,Light,C,0.137341608,NA,0.07,9.9,1.02,5.44,6/14/23,8,28.909,8.019957013,35.9,2435.293737,35.9,Varari_Col5_Dil8_Dark,2,2429.451371
5,8.11,Varari_Col5_Dil9_Light,4,Varari,35,6/21/23,LIGHT,NP,0.392730334,0.341408157,0.07,19.77,3.24,3.75,6/14/23,9,29.067,8.017619563,NA,NA,NA,NA,NA,2473.296673
5,8.11,Varari_Col5_Dil9_Dark,4,Varari,35,6/21/23,DARK,R,0.274286415,0.331857404,0.07,19.77,3.24,3.75,6/14/23,9,29.067,8.017619563,NA,NA,NA,NA,NA,2473.296673
5,NA,Varari_Col5_Dil9_Light,4,Varari,35,6/21/23,LIGHT,GP,0.66701675,0.673265561,0.07,19.77,3.24,3.75,6/14/23,9,29.067,8.017619563,NA,NA,NA,NA,NA,2473.296673
5,NA,Varari_Col5_Dil9_Light,4,Varari,35,6/21/23,Light,C,0.129229323,NA,0.07,19.77,3.24,3.75,6/14/23,9,29.067,8.017619563,35,2467.036635,35,Varari_Col5_Dil9_Dark,4,2473.296673
6,8.09,Varari_Col6_Dil1_Light,0,Varari,36.4,6/21/23,LIGHT,NP,0.740028239,0.601528804,0.1,2.27,0.48,6.9,6/14/23,1,29.092,8.00330754,NA,NA,NA,NA,NA,2377.32016
6,8.09,Varari_Col6_Dil1_Dark,0,Varari,36.4,6/21/23,DARK,R,0.327047119,0.454379514,0.1,2.27,0.48,6.9,6/14/23,1,29.092,8.00330754,NA,NA,NA,NA,NA,2377.32016
6,8.09,Varari_Col6_Dil1_Light,0,Varari,36.4,6/21/23,LIGHT,GP,1.067075358,1.055908318,0.1,2.27,0.48,6.9,6/14/23,1,29.092,8.00330754,NA,NA,NA,NA,NA,2377.32016
6,8.09,Varari_Col6_Dil1_Light,0,Varari,36.4,6/21/23,Light,C,0.111263806,NA,0.1,2.27,0.48,6.9,6/14/23,1,29.092,8.00330754,36.4,2405.806718,36.4,Varari_Col6_Dil1_Dark,0,2377.32016
6,8.11,Varari_Col6_Dil2_Light,0.01,Varari,36.4,6/21/23,LIGHT,NP,0.705235194,0.618488825,0.04,1.78,0.52,1.77,6/14/23,2,29.187,8.025282823,NA,NA,NA,NA,NA,2384.387201
6,8.11,Varari_Col6_Dil2_Dark,0.01,Varari,36.4,6/21/23,DARK,R,0.347603625,0.426784857,0.04,1.78,0.52,1.77,6/14/23,2,29.187,8.025282823,NA,NA,NA,NA,NA,2384.387201
6,8.11,Varari_Col6_Dil2_Light,0.01,Varari,36.4,6/21/23,LIGHT,GP,1.052838819,1.045273682,0.04,1.78,0.52,1.77,6/14/23,2,29.187,8.025282823,NA,NA,NA,NA,NA,2384.387201
6,8.11,Varari_Col6_Dil2_Light,0.01,Varari,36.4,6/21/23,Light,C,0.114803528,NA,0.04,1.78,0.52,1.77,6/14/23,2,29.187,8.025282823,36.4,2398.740895,36.4,Varari_Col6_Dil2_Dark,0.01,2384.387201
6,8.12,Varari_Col6_Dil3_Light,0.03,Varari,36.3,6/21/23,LIGHT,NP,0.499724251,0.465985177,0.04,1.93,1.79,7.35,6/14/23,3,29.115,8.032791308,NA,NA,NA,NA,NA,2367.39884
6,8.12,Varari_Col6_Dil3_Dark,0.03,Varari,36.3,6/21/23,DARK,R,0.252709773,0.283799109,0.04,1.93,1.79,7.35,6/14/23,3,29.115,8.032791308,NA,NA,NA,NA,NA,2367.39884
6,8.12,Varari_Col6_Dil3_Light,0.03,Varari,36.3,6/21/23,LIGHT,GP,0.752434024,0.749784286,0.04,1.93,1.79,7.35,6/14/23,3,29.115,8.032791308,NA,NA,NA,NA,NA,2367.39884
6,8.12,Varari_Col6_Dil3_Light,0.03,Varari,36.3,6/21/23,Light,C,0.137508118,NA,0.04,1.93,1.79,7.35,6/14/23,3,29.115,8.032791308,36.3,2370.446021,36.3,Varari_Col6_Dil3_Dark,0.03,2367.39884
6,8.11,Varari_Col6_Dil4_Light,0.05,Varari,36.3,6/21/23,LIGHT,NP,0.994650162,0.891498714,0.04,1.86,0.28,0.22,6/14/23,4,29.11,8.024526644,NA,NA,NA,NA,NA,2364.629086
6,8.11,Varari_Col6_Dil4_Dark,0.05,Varari,36.3,6/21/23,DARK,R,0.40629341,0.528815245,0.04,1.86,0.28,0.22,6/14/23,4,29.11,8.024526644,NA,NA,NA,NA,NA,2364.629086
6,NA,Varari_Col6_Dil4_Light,0.05,Varari,36.3,6/21/23,LIGHT,GP,1.400943572,1.420313958,0.04,1.86,0.28,0.22,6/14/23,4,29.11,8.024526644,NA,NA,NA,NA,NA,2364.629086
6,NA,Varari_Col6_Dil4_Light,0.05,Varari,36.3,6/21/23,Light,C,0.186497532,NA,0.04,1.86,0.28,0.22,6/14/23,4,29.11,8.024526644,36.3,2377.799281,36.3,Varari_Col6_Dil4_Dark,0.05,2364.629086
6,8.12,Varari_Col6_Dil5_Light,0.1,Varari,36.3,6/21/23,LIGHT,NP,0.625787854,0.587109423,0.27,2.63,1.32,9.69,6/14/23,5,29.156,8.028865456,NA,NA,NA,NA,NA,2388.441818
6,8.12,Varari_Col6_Dil5_Dark,0.1,Varari,36.3,6/21/23,DARK,R,0.298011682,0.329968394,0.27,2.63,1.32,9.69,6/14/23,5,29.156,8.028865456,NA,NA,NA,NA,NA,2388.441818
6,NA,Varari_Col6_Dil5_Light,0.1,Varari,36.3,6/21/23,LIGHT,GP,0.923799537,0.917077817,0.27,2.63,1.32,9.69,6/14/23,5,29.156,8.028865456,NA,NA,NA,NA,NA,2388.441818
6,NA,Varari_Col6_Dil5_Light,0.1,Varari,36.3,6/21/23,Light,C,0.079371698,NA,0.27,2.63,1.32,9.69,6/14/23,5,29.156,8.028865456,36.3,2391.770222,36.3,Varari_Col6_Dil5_Dark,0.1,2388.441818
6,8.09,Varari_Col6_Dil6_Light,0.5,Varari,36.2,6/21/23,LIGHT,NP,0.52117113,0.48029881,0.05,4.94,0.29,5.38,6/14/23,6,29.155,8.007009687,NA,NA,NA,NA,NA,2391.440484
6,8.09,Varari_Col6_Dil6_Dark,0.5,Varari,36.2,6/21/23,DARK,R,0.25623493,0.29493437,0.05,4.94,0.29,5.38,6/14/23,6,29.155,8.007009687,NA,NA,NA,NA,NA,2391.440484
6,NA,Varari_Col6_Dil6_Light,0.5,Varari,36.2,6/21/23,LIGHT,GP,0.777406061,0.77523318,0.05,4.94,0.29,5.38,6/14/23,6,29.155,8.007009687,NA,NA,NA,NA,NA,2391.440484
6,NA,Varari_Col6_Dil6_Light,0.5,Varari,36.2,6/21/23,Light,C,0.091383895,NA,0.05,4.94,0.29,5.38,6/14/23,6,29.155,8.007009687,36.2,2398.136344,36.2,Varari_Col6_Dil6_Dark,0.5,2391.440484
6,8.09,Varari_Col6_Dil7_Light,1,Varari,36,6/21/23,LIGHT,NP,0.488366509,0.406683715,0.2,5.55,3.05,15.29,6/14/23,7,29.13,8.001972866,NA,NA,NA,NA,NA,2407.472045
6,8.09,Varari_Col6_Dil7_Dark,1,Varari,36,6/21/23,DARK,R,0.159293098,0.22977298,0.2,5.55,3.05,15.29,6/14/23,7,29.13,8.001972866,NA,NA,NA,NA,NA,2407.472045
6,NA,Varari_Col6_Dil7_Light,1,Varari,36,6/21/23,LIGHT,GP,0.647659608,0.636456694,0.2,5.55,3.05,15.29,6/14/23,7,29.13,8.001972866,NA,NA,NA,NA,NA,2407.472045
6,NA,Varari_Col6_Dil7_Light,1,Varari,36,6/21/23,Light,C,0.231320015,NA,0.2,5.55,3.05,15.29,6/14/23,7,29.13,8.001972866,36,2420.40668,36,Varari_Col6_Dil7_Dark,1,2407.472045
6,8.1,Varari_Col6_Dil8_Light,2,Varari,35.9,6/21/23,LIGHT,NP,0.614048208,0.520666839,0.07,9.9,1.02,5.44,6/14/23,8,28.909,8.019957013,NA,NA,NA,NA,NA,2429.451371
6,8.1,Varari_Col6_Dil8_Dark,2,Varari,35.9,6/21/23,DARK,R,0.256787491,0.353333869,0.07,9.9,1.02,5.44,6/14/23,8,28.909,8.019957013,NA,NA,NA,NA,NA,2429.451371
6,NA,Varari_Col6_Dil8_Light,2,Varari,35.9,6/21/23,LIGHT,GP,0.8708357,0.874000708,0.07,9.9,1.02,5.44,6/14/23,8,28.909,8.019957013,NA,NA,NA,NA,NA,2429.451371
6,NA,Varari_Col6_Dil8_Light,2,Varari,35.9,6/21/23,Light,C,0.13588686,NA,0.07,9.9,1.02,5.44,6/14/23,8,28.909,8.019957013,35.9,2446.688983,35.9,Varari_Col6_Dil8_Dark,2,2429.451371
6,8.11,Varari_Col6_Dil9_Light,4,Varari,35,6/21/23,LIGHT,NP,0.528209198,0.49122728,0.07,19.77,3.24,3.75,6/14/23,9,29.067,8.017619563,NA,NA,NA,NA,NA,2473.296673
6,8.11,Varari_Col6_Dil9_Dark,4,Varari,35,6/21/23,DARK,R,0.260109344,0.301594053,0.07,19.77,3.24,3.75,6/14/23,9,29.067,8.017619563,NA,NA,NA,NA,NA,2473.296673
6,NA,Varari_Col6_Dil9_Light,4,Varari,35,6/21/23,LIGHT,GP,0.788318542,0.792821333,0.07,19.77,3.24,3.75,6/14/23,9,29.067,8.017619563,NA,NA,NA,NA,NA,2473.296673
6,NA,Varari_Col6_Dil9_Light,4,Varari,35,6/21/23,Light,C,0.061869034,NA,0.07,19.77,3.24,3.75,6/14/23,9,29.067,8.017619563,35,2474.818821,35,Varari_Col6_Dil9_Dark,4,2473.296673
7,8.08,Varari_Col7_Dil1_Light,0,Varari,36.4,6/22/23,LIGHT,NP,0.509173651,0.461445007,0.03,2.45,0.6,4.44,6/14/23,1,28.503,8.003403586,NA,NA,NA,NA,NA,2368.214155
7,8.08,Varari_Col7_Dil1_Dark,0,Varari,36.4,6/22/23,DARK,R,0.278053468,0.33597521,0.03,2.45,0.6,4.44,6/14/23,1,28.503,8.003403586,NA,NA,NA,NA,NA,2368.214155
7,8.08,Varari_Col7_Dil1_Light,0,Varari,36.4,6/22/23,LIGHT,GP,0.787227119,0.797420217,0.03,2.45,0.6,4.44,6/14/23,1,28.503,8.003403586,NA,NA,NA,NA,NA,2368.214155
7,8.08,Varari_Col7_Dil1_Light,0,Varari,36.4,6/22/23,Light,C,0.26084743,NA,0.03,2.45,0.6,4.44,6/14/23,1,28.503,8.003403586,36.4,2367.213829,36.4,Varari_Col7_Dil1_Dark,0,2368.214155
7,8.05,Varari_Col7_Dil2_Light,0.01,Varari,36.4,6/22/23,LIGHT,NP,0.51793649,0.473624654,0.06,2.55,0.72,1.64,6/14/23,2,27.7,7.981415001,NA,NA,NA,NA,NA,2376.059851
7,8.05,Varari_Col7_Dil2_Dark,0.01,Varari,36.4,6/22/23,DARK,R,0.2954222,0.34334058,0.06,2.55,0.72,1.64,6/14/23,2,27.7,7.981415001,NA,NA,NA,NA,NA,2376.059851
7,8.05,Varari_Col7_Dil2_Light,0.01,Varari,36.4,6/22/23,LIGHT,GP,0.813358689,0.816965234,0.06,2.55,0.72,1.64,6/14/23,2,27.7,7.981415001,NA,NA,NA,NA,NA,2376.059851
7,8.05,Varari_Col7_Dil2_Light,0.01,Varari,36.4,6/22/23,Light,C,0.289786507,NA,0.06,2.55,0.72,1.64,6/14/23,2,27.7,7.981415001,36.4,2355.112621,36.4,Varari_Col7_Dil2_Dark,0.01,2376.059851
7,8.1,Varari_Col7_Dil3_Light,0.03,Varari,36.4,6/22/23,LIGHT,NP,0.311256861,0.287789783,0.11,2.39,0.83,1.67,6/14/23,3,28.492,8.023610541,NA,NA,NA,NA,NA,2359.780882
7,8.1,Varari_Col7_Dil3_Dark,0.03,Varari,36.4,6/22/23,DARK,R,0.221113443,0.245700214,0.11,2.39,0.83,1.67,6/14/23,3,28.492,8.023610541,NA,NA,NA,NA,NA,2359.780882
7,8.1,Varari_Col7_Dil3_Light,0.03,Varari,36.4,6/22/23,LIGHT,GP,0.532370304,0.533489998,0.11,2.39,0.83,1.67,6/14/23,3,28.492,8.023610541,NA,NA,NA,NA,NA,2359.780882
7,8.1,Varari_Col7_Dil3_Light,0.03,Varari,36.4,6/22/23,Light,C,0.219589275,NA,0.11,2.39,0.83,1.67,6/14/23,3,28.492,8.023610541,36.4,2360.117012,36.4,Varari_Col7_Dil3_Dark,0.03,2359.780882
7,8.1,Varari_Col7_Dil4_Light,0.05,Varari,36.4,6/22/23,LIGHT,NP,0.519037858,0.478414151,0.06,2.24,0.47,2.25,6/14/23,4,27.717,8.029750313,NA,NA,NA,NA,NA,2344.51916
7,8.1,Varari_Col7_Dil4_Dark,0.05,Varari,36.4,6/22/23,DARK,R,0.264774759,0.30621298,0.06,2.24,0.47,2.25,6/14/23,4,27.717,8.029750313,NA,NA,NA,NA,NA,2344.51916
7,NA,Varari_Col7_Dil4_Light,0.05,Varari,36.4,6/22/23,LIGHT,GP,0.783812617,0.784627132,0.06,2.24,0.47,2.25,6/14/23,4,27.717,8.029750313,NA,NA,NA,NA,NA,2344.51916
7,NA,Varari_Col7_Dil4_Light,0.05,Varari,36.4,6/22/23,Light,C,0.253199919,NA,0.06,2.24,0.47,2.25,6/14/23,4,27.717,8.029750313,36.4,2338.340876,36.4,Varari_Col7_Dil4_Dark,0.05,2344.51916
7,8.11,Varari_Col7_Dil5_Light,0.1,Varari,36.5,6/22/23,LIGHT,NP,0.447650056,0.421011033,0.05,2.68,0.7,3.11,6/14/23,5,27.629,8.036250694,NA,NA,NA,NA,NA,2354.608921
7,8.11,Varari_Col7_Dil5_Dark,0.1,Varari,36.5,6/22/23,DARK,R,0.296215037,0.321287495,0.05,2.68,0.7,3.11,6/14/23,5,27.629,8.036250694,NA,NA,NA,NA,NA,2354.608921
7,NA,Varari_Col7_Dil5_Light,0.1,Varari,36.5,6/22/23,LIGHT,GP,0.743865093,0.742298528,0.05,2.68,0.7,3.11,6/14/23,5,27.629,8.036250694,NA,NA,NA,NA,NA,2354.608921
7,NA,Varari_Col7_Dil5_Light,0.1,Varari,36.5,6/22/23,Light,C,0.30194274,NA,0.05,2.68,0.7,3.11,6/14/23,5,27.629,8.036250694,36.5,2338.179983,36.5,Varari_Col7_Dil5_Dark,0.1,2354.608921
7,8.12,Varari_Col7_Dil6_Light,0.5,Varari,36.3,6/22/23,LIGHT,NP,0.382980712,0.339624115,0.08,5.11,0.76,2.35,6/14/23,6,27.767,8.052272678,NA,NA,NA,NA,NA,2379.650785
7,8.12,Varari_Col7_Dil6_Dark,0.5,Varari,36.3,6/22/23,DARK,R,0.189430984,0.232247565,0.08,5.11,0.76,2.35,6/14/23,6,27.767,8.052272678,NA,NA,NA,NA,NA,2379.650785
7,NA,Varari_Col7_Dil6_Light,0.5,Varari,36.3,6/22/23,LIGHT,GP,0.572411695,0.571871681,0.08,5.11,0.76,2.35,6/14/23,6,27.767,8.052272678,NA,NA,NA,NA,NA,2379.650785
7,NA,Varari_Col7_Dil6_Light,0.5,Varari,36.3,6/22/23,Light,C,0.293923069,NA,0.08,5.11,0.76,2.35,6/14/23,6,27.767,8.052272678,36.3,2379.486858,36.3,Varari_Col7_Dil6_Dark,0.5,2379.650785
7,8.15,Varari_Col7_Dil7_Light,1,Varari,36,6/22/23,LIGHT,NP,0.438225048,0.401548812,0.08,6.75,0.86,0.98,6/14/23,7,27.83,8.074193563,NA,NA,NA,NA,NA,2390.881687
7,8.15,Varari_Col7_Dil7_Dark,1,Varari,36,6/22/23,DARK,R,0.217147205,0.258365337,0.08,6.75,0.86,0.98,6/14/23,7,27.83,8.074193563,NA,NA,NA,NA,NA,2390.881687
7,NA,Varari_Col7_Dil7_Light,1,Varari,36,6/22/23,LIGHT,GP,0.655372253,0.659914148,0.08,6.75,0.86,0.98,6/14/23,7,27.83,8.074193563,NA,NA,NA,NA,NA,2390.881687
7,NA,Varari_Col7_Dil7_Light,1,Varari,36,6/22/23,Light,C,0.360770158,NA,0.08,6.75,0.86,0.98,6/14/23,7,27.83,8.074193563,36,2363.930584,36,Varari_Col7_Dil7_Dark,1,2390.881687
7,8.08,Varari_Col7_Dil8_Light,2,Varari,36,6/22/23,LIGHT,NP,0.367123784,0.334778381,0.09,11.23,1.13,1.51,6/14/23,8,27.54,8.014719841,NA,NA,NA,NA,NA,2412.850508
7,8.08,Varari_Col7_Dil8_Dark,2,Varari,36,6/22/23,DARK,R,0.252989251,0.28845066,0.09,11.23,1.13,1.51,6/14/23,8,27.54,8.014719841,NA,NA,NA,NA,NA,2412.850508
7,NA,Varari_Col7_Dil8_Light,2,Varari,36,6/22/23,LIGHT,GP,0.620113036,0.623229041,0.09,11.23,1.13,1.51,6/14/23,8,27.54,8.014719841,NA,NA,NA,NA,NA,2412.850508
7,NA,Varari_Col7_Dil8_Light,2,Varari,36,6/22/23,Light,C,0.098685955,NA,0.09,11.23,1.13,1.51,6/14/23,8,27.54,8.014719841,36,2457.893535,36,Varari_Col7_Dil8_Dark,2,2412.850508
7,8.06,Varari_Col7_Dil9_Light,4,Varari,35.2,6/22/23,LIGHT,NP,0.326940734,0.296382779,0.12,21.43,2.05,9.87,6/14/23,9,27.611,7.983610439,NA,NA,NA,NA,NA,2469.40063
7,8.06,Varari_Col7_Dil9_Dark,4,Varari,35.2,6/22/23,DARK,R,0.218807624,0.250682776,0.12,21.43,2.05,9.87,6/14/23,9,27.611,7.983610439,NA,NA,NA,NA,NA,2469.40063
7,NA,Varari_Col7_Dil9_Light,4,Varari,35.2,6/22/23,LIGHT,GP,0.545748357,0.547065555,0.12,21.43,2.05,9.87,6/14/23,9,27.611,7.983610439,NA,NA,NA,NA,NA,2469.40063
7,NA,Varari_Col7_Dil9_Light,4,Varari,35.2,6/22/23,Light,C,0.251353894,NA,0.12,21.43,2.05,9.87,6/14/23,9,27.611,7.983610439,35.2,2454.87643,35.2,Varari_Col7_Dil9_Dark,4,2469.40063
8,8.08,Varari_Col8_Dil1_Light,0,Varari,36.4,6/22/23,LIGHT,NP,0.429093387,0.394074252,0.03,2.45,0.6,4.44,6/14/23,1,28.503,8.003403586,NA,NA,NA,NA,NA,2368.214155
8,8.08,Varari_Col8_Dil1_Dark,0,Varari,36.4,6/22/23,DARK,R,0.256019291,0.298517238,0.03,2.45,0.6,4.44,6/14/23,1,28.503,8.003403586,NA,NA,NA,NA,NA,2368.214155
8,8.08,Varari_Col8_Dil1_Light,0,Varari,36.4,6/22/23,LIGHT,GP,0.685112678,0.692591489,0.03,2.45,0.6,4.44,6/14/23,1,28.503,8.003403586,NA,NA,NA,NA,NA,2368.214155
8,8.08,Varari_Col8_Dil1_Light,0,Varari,36.4,6/22/23,Light,C,0.036698984,NA,0.03,2.45,0.6,4.44,6/14/23,1,28.503,8.003403586,36.4,2418.529218,36.4,Varari_Col8_Dil1_Dark,0,2368.214155
8,8.05,Varari_Col8_Dil2_Light,0.01,Varari,36.4,6/22/23,LIGHT,NP,0.417207919,0.378259561,0.06,2.55,0.72,1.64,6/14/23,2,27.7,7.981415001,NA,NA,NA,NA,NA,2376.059851
8,8.05,Varari_Col8_Dil2_Dark,0.01,Varari,36.4,6/22/23,DARK,R,0.267497877,0.309616246,0.06,2.55,0.72,1.64,6/14/23,2,27.7,7.981415001,NA,NA,NA,NA,NA,2376.059851
8,8.05,Varari_Col8_Dil2_Light,0.01,Varari,36.4,6/22/23,LIGHT,GP,0.684705796,0.687875807,0.06,2.55,0.72,1.64,6/14/23,2,27.7,7.981415001,NA,NA,NA,NA,NA,2376.059851
8,8.05,Varari_Col8_Dil2_Light,0.01,Varari,36.4,6/22/23,Light,C,-0.029997208,NA,0.06,2.55,0.72,1.64,6/14/23,2,27.7,7.981415001,36.4,2462.292011,36.4,Varari_Col8_Dil2_Dark,0.01,2376.059851
8,8.1,Varari_Col8_Dil3_Light,0.03,Varari,36.4,6/22/23,LIGHT,NP,0.335986956,0.319350499,0.11,2.39,0.83,1.67,6/14/23,3,28.492,8.023610541,NA,NA,NA,NA,NA,2359.780882
8,8.1,Varari_Col8_Dil3_Dark,0.03,Varari,36.4,6/22/23,DARK,R,0.205934467,0.223364706,0.11,2.39,0.83,1.67,6/14/23,3,28.492,8.023610541,NA,NA,NA,NA,NA,2359.780882
8,8.1,Varari_Col8_Dil3_Light,0.03,Varari,36.4,6/22/23,LIGHT,GP,0.541921423,0.542715205,0.11,2.39,0.83,1.67,6/14/23,3,28.492,8.023610541,NA,NA,NA,NA,NA,2359.780882
8,8.1,Varari_Col8_Dil3_Light,0.03,Varari,36.4,6/22/23,Light,C,-0.051613873,NA,0.11,2.39,0.83,1.67,6/14/23,3,28.492,8.023610541,36.4,2473.699538,36.4,Varari_Col8_Dil3_Dark,0.03,2359.780882
8,8.1,Varari_Col8_Dil4_Light,0.05,Varari,36.4,6/22/23,LIGHT,NP,0.46272097,0.422394357,0.06,2.24,0.47,2.25,6/14/23,4,27.717,8.029750313,NA,NA,NA,NA,NA,2344.51916
8,8.1,Varari_Col8_Dil4_Dark,0.05,Varari,36.4,6/22/23,DARK,R,0.274926844,0.316062015,0.06,2.24,0.47,2.25,6/14/23,4,27.717,8.029750313,NA,NA,NA,NA,NA,2344.51916
8,NA,Varari_Col8_Dil4_Light,0.05,Varari,36.4,6/22/23,LIGHT,GP,0.737647814,0.738456372,0.06,2.24,0.47,2.25,6/14/23,4,27.717,8.029750313,NA,NA,NA,NA,NA,2344.51916
8,NA,Varari_Col8_Dil4_Light,0.05,Varari,36.4,6/22/23,Light,C,0.008147292,NA,0.06,2.24,0.47,2.25,6/14/23,4,27.717,8.029750313,36.4,2427.480024,36.4,Varari_Col8_Dil4_Dark,0.05,2344.51916
8,8.11,Varari_Col8_Dil5_Light,0.1,Varari,36.5,6/22/23,LIGHT,NP,0.318526938,0.294464313,0.05,2.68,0.7,3.11,6/14/23,5,27.629,8.036250694,NA,NA,NA,NA,NA,2354.608921
8,8.11,Varari_Col8_Dil5_Dark,0.1,Varari,36.5,6/22/23,DARK,R,0.257444722,0.280092293,0.05,2.68,0.7,3.11,6/14/23,5,27.629,8.036250694,NA,NA,NA,NA,NA,2354.608921
8,NA,Varari_Col8_Dil5_Light,0.1,Varari,36.5,6/22/23,LIGHT,GP,0.57597166,0.574556606,0.05,2.68,0.7,3.11,6/14/23,5,27.629,8.036250694,NA,NA,NA,NA,NA,2354.608921
8,NA,Varari_Col8_Dil5_Light,0.1,Varari,36.5,6/22/23,Light,C,0.074635191,NA,0.05,2.68,0.7,3.11,6/14/23,5,27.629,8.036250694,36.5,2391.63833,36.5,Varari_Col8_Dil5_Dark,0.1,2354.608921
8,8.12,Varari_Col8_Dil6_Light,0.5,Varari,36.3,6/22/23,LIGHT,NP,0.105850392,0.094207405,0.08,5.11,0.76,2.35,6/14/23,6,27.767,8.052272678,NA,NA,NA,NA,NA,2379.650785
8,8.12,Varari_Col8_Dil6_Dark,0.5,Varari,36.3,6/22/23,DARK,R,0.075195316,0.086693287,0.08,5.11,0.76,2.35,6/14/23,6,27.767,8.052272678,NA,NA,NA,NA,NA,2379.650785
8,NA,Varari_Col8_Dil6_Light,0.5,Varari,36.3,6/22/23,LIGHT,GP,0.181045708,0.180900692,0.08,5.11,0.76,2.35,6/14/23,6,27.767,8.052272678,NA,NA,NA,NA,NA,2379.650785
8,NA,Varari_Col8_Dil6_Light,0.5,Varari,36.3,6/22/23,Light,C,-0.020348305,NA,0.08,5.11,0.76,2.35,6/14/23,6,27.767,8.052272678,36.3,2458.306838,36.3,Varari_Col8_Dil6_Dark,0.5,2379.650785
8,8.15,Varari_Col8_Dil7_Light,1,Varari,36,6/22/23,LIGHT,NP,Inf,Inf,0.08,6.75,0.86,0.98,6/14/23,7,27.83,8.074193563,NA,NA,NA,NA,NA,2390.881687
8,8.15,Varari_Col8_Dil7_Dark,1,Varari,36,6/22/23,DARK,R,Inf,Inf,0.08,6.75,0.86,0.98,6/14/23,7,27.83,8.074193563,NA,NA,NA,NA,NA,2390.881687
8,NA,Varari_Col8_Dil7_Light,1,Varari,36,6/22/23,LIGHT,GP,Inf,Inf,0.08,6.75,0.86,0.98,6/14/23,7,27.83,8.074193563,NA,NA,NA,NA,NA,2390.881687
8,NA,Varari_Col8_Dil7_Light,1,Varari,36,6/22/23,Light,C,Inf,NA,0.08,6.75,0.86,0.98,6/14/23,7,27.83,8.074193563,36,2439.18948,36,Varari_Col8_Dil7_Dark,1,2390.881687
8,8.08,Varari_Col8_Dil8_Light,2,Varari,36,6/22/23,LIGHT,NP,0.314217478,0.284898777,0.09,11.23,1.13,1.51,6/14/23,8,27.54,8.014719841,NA,NA,NA,NA,NA,2412.850508
8,8.08,Varari_Col8_Dil8_Dark,2,Varari,36,6/22/23,DARK,R,0.188444442,0.22058757,0.09,11.23,1.13,1.51,6/14/23,8,27.54,8.014719841,NA,NA,NA,NA,NA,2412.850508
8,NA,Varari_Col8_Dil8_Light,2,Varari,36,6/22/23,LIGHT,GP,0.50266192,0.505486347,0.09,11.23,1.13,1.51,6/14/23,8,27.54,8.014719841,NA,NA,NA,NA,NA,2412.850508
8,NA,Varari_Col8_Dil8_Light,2,Varari,36,6/22/23,Light,C,-0.006229854,NA,0.09,11.23,1.13,1.51,6/14/23,8,27.54,8.014719841,36,2494.173175,36,Varari_Col8_Dil8_Dark,2,2412.850508
8,8.06,Varari_Col8_Dil9_Light,4,Varari,35.2,6/22/23,LIGHT,NP,0.531188475,0.490504751,0.12,21.43,2.05,9.87,6/14/23,9,27.611,7.983610439,NA,NA,NA,NA,NA,2469.40063
8,8.06,Varari_Col8_Dil9_Dark,4,Varari,35.2,6/22/23,DARK,R,0.296188024,0.338625416,0.12,21.43,2.05,9.87,6/14/23,9,27.611,7.983610439,NA,NA,NA,NA,NA,2469.40063
8,NA,Varari_Col8_Dil9_Light,4,Varari,35.2,6/22/23,LIGHT,GP,0.827376499,0.829130168,0.12,21.43,2.05,9.87,6/14/23,9,27.611,7.983610439,NA,NA,NA,NA,NA,2469.40063
8,NA,Varari_Col8_Dil9_Light,4,Varari,35.2,6/22/23,Light,C,0.092702316,NA,0.12,21.43,2.05,9.87,6/14/23,9,27.611,7.983610439,35.2,2522.572069,35.2,Varari_Col8_Dil9_Dark,4,2469.40063
13,8.14,Cabral_Col5_Dil1_Light,0,Cabral,36.6,6/10/23,LIGHT,NP,0.374503811,0.313661881,0.05,3.38,0.16,0.52,6/14/23,1,27.11,7.966742367,NA,2372.132104,NA,NA,NA,2376.083907
13,8.14,Cabral_Col5_Dil1_Dark,0,Cabral,36.6,6/10/23,DARK,R,0.439235737,0.489953358,0.05,3.38,0.16,0.52,6/14/23,1,27.11,7.966742367,NA,2372.132104,NA,NA,NA,2376.083907
13,8.14,Cabral_Col5_Dil1_Light,0,Cabral,36.6,6/10/23,LIGHT,GP,0.813739547,0.803615239,0.05,3.38,0.16,0.52,6/14/23,1,27.11,7.966742367,NA,2372.132104,NA,NA,NA,2376.083907
13,8.14,Cabral_Col5_Dil1_Light,0,Cabral,36.6,6/10/23,Light,C,0.184777459,NA,0.05,3.38,0.16,0.52,6/14/23,1,27.11,7.966742367,36.6,2372.132104,36.6,Cabral_Col5_Dil1_Dark,0,2376.083907
13,8.05,Cabral_Col5_Dil2_Light,0.01,Cabral,36.5,6/10/23,LIGHT,NP,0.355360626,0.314622678,0.05,3.49,1.04,0.57,6/14/23,2,27.224,7.969949566,NA,2401.373533,NA,NA,NA,2387.582754
13,8.05,Cabral_Col5_Dil2_Dark,0.01,Cabral,36.5,6/10/23,DARK,R,0.480491474,0.517902459,0.05,3.49,1.04,0.57,6/14/23,2,27.224,7.969949566,NA,2401.373533,NA,NA,NA,2387.582754
13,8.05,Cabral_Col5_Dil2_Light,0.01,Cabral,36.5,6/10/23,LIGHT,GP,0.8358521,0.832525137,0.05,3.49,1.04,0.57,6/14/23,2,27.224,7.969949566,NA,2401.373533,NA,NA,NA,2387.582754
13,8.05,Cabral_Col5_Dil2_Light,0.01,Cabral,36.5,6/10/23,Light,C,-0.028596261,NA,0.05,3.49,1.04,0.57,6/14/23,2,27.224,7.969949566,36.5,2401.373533,36.5,Cabral_Col5_Dil2_Dark,0.01,2387.582754
13,8.07,Cabral_Col5_Dil3_Light,0.03,Cabral,36.6,6/10/23,LIGHT,NP,0.347876683,0.326630747,0.04,4.11,0.28,0.7,6/14/23,3,26.984,7.998755982,NA,2362.172576,NA,NA,NA,2367.39884
13,8.07,Cabral_Col5_Dil3_Dark,0.03,Cabral,36.6,6/10/23,DARK,R,0.375379536,0.3921309,0.04,4.11,0.28,0.7,6/14/23,3,26.984,7.998755982,NA,2362.172576,NA,NA,NA,2359.780882
13,8.07,Cabral_Col5_Dil3_Light,0.03,Cabral,36.6,6/10/23,LIGHT,GP,0.723256219,0.718761647,0.04,4.11,0.28,0.7,6/14/23,3,26.984,7.998755982,NA,2362.172576,NA,NA,NA,2359.780882
13,8.07,Cabral_Col5_Dil3_Light,0.03,Cabral,36.6,6/10/23,Light,C,0.144576073,NA,0.04,4.11,0.28,0.7,6/14/23,3,26.984,7.998755982,36.6,2362.172576,36.6,Cabral_Col5_Dil3_Dark,0.03,2385.141998
13,8.06,Cabral_Col5_Dil4_Light,0.05,Cabral,36.5,6/10/23,LIGHT,NP,0.34352198,0.325593506,0.05,3.13,3.25,0.76,6/14/23,4,27.108,7.985024902,NA,2361.937918,NA,NA,NA,2364.629086
13,8.06,Cabral_Col5_Dil4_Dark,0.05,Cabral,36.5,6/10/23,DARK,R,0.313495734,0.329156262,0.05,3.13,3.25,0.76,6/14/23,4,27.108,7.985024902,NA,2361.937918,NA,NA,NA,2344.51916
13,8.06,Cabral_Col5_Dil4_Light,0.05,Cabral,36.5,6/10/23,LIGHT,GP,0.657017714,0.654749767,0.05,3.13,3.25,0.76,6/14/23,4,27.108,7.985024902,NA,2361.937918,NA,NA,NA,2344.51916
13,8.06,Cabral_Col5_Dil4_Light,0.05,Cabral,36.5,6/10/23,Light,C,0.096373688,NA,0.05,3.13,3.25,0.76,6/14/23,4,27.108,7.985024902,36.5,2361.937918,36.5,Cabral_Col5_Dil4_Dark,0.05,2416.980703
13,8.07,Cabral_Col5_Dil5_Light,0.1,Cabral,36.5,6/10/23,LIGHT,NP,0.422961618,0.402560499,0.06,5.23,0.17,0.43,6/14/23,5,27.058,7.995809965,NA,2351.838941,NA,NA,NA,2354.608921
13,8.07,Cabral_Col5_Dil5_Dark,0.1,Cabral,36.5,6/10/23,DARK,R,0.46844826,0.48360895,0.06,5.23,0.17,0.43,6/14/23,5,27.058,7.995809965,NA,2351.838941,NA,NA,NA,2354.608921
13,8.07,Cabral_Col5_Dil5_Light,0.1,Cabral,36.5,6/10/23,LIGHT,GP,0.891409878,0.886169448,0.06,5.23,0.17,0.43,6/14/23,5,27.058,7.995809965,NA,2351.838941,NA,NA,NA,2396.451536
13,8.07,Cabral_Col5_Dil5_Light,0.1,Cabral,36.5,6/10/23,Light,C,0.094167692,NA,0.06,5.23,0.17,0.43,6/14/23,5,27.058,7.995809965,36.5,2351.838941,36.5,Cabral_Col5_Dil5_Dark,0.1,2396.451536
13,8.07,Cabral_Col5_Dil6_Light,0.5,Cabral,36.4,6/10/23,LIGHT,NP,0.397773822,0.371118796,0.13,6.59,0.4,2,6/14/23,6,27.294,7.992232149,NA,2340.395434,NA,NA,NA,2401.021379
13,8.07,Cabral_Col5_Dil6_Dark,0.5,Cabral,36.4,6/10/23,DARK,R,0.383233756,0.396527493,0.13,6.59,0.4,2,6/14/23,6,27.294,7.992232149,NA,2340.395434,NA,NA,NA,2401.021379
13,8.07,Cabral_Col5_Dil6_Light,0.5,Cabral,36.4,6/10/23,LIGHT,GP,0.781007579,0.767646289,0.13,6.59,0.4,2,6/14/23,6,27.294,7.992232149,NA,2340.395434,NA,NA,NA,2401.021379
13,8.07,Cabral_Col5_Dil6_Light,0.5,Cabral,36.4,6/10/23,Light,C,0.150684636,NA,0.13,6.59,0.4,2,6/14/23,6,27.294,7.992232149,36.4,2340.395434,36.4,Cabral_Col5_Dil6_Dark,0.5,2401.021379
13,8.06,Cabral_Col5_Dil7_Light,1,Cabral,36.1,6/10/23,LIGHT,NP,0.353505909,0.339493506,0.09,8.39,0.06,0.31,6/14/23,7,27.269,7.983581663,NA,2380.764249,NA,NA,NA,2433.16241
13,8.06,Cabral_Col5_Dil7_Dark,1,Cabral,36.1,6/10/23,DARK,R,0.445377555,0.454133931,0.09,8.39,0.06,0.31,6/14/23,7,27.269,7.983581663,NA,2380.764249,NA,NA,NA,2433.16241
13,8.06,Cabral_Col5_Dil7_Light,1,Cabral,3.1,6/10/23,LIGHT,GP,0.798883464,0.793627437,0.09,8.39,0.06,0.31,6/14/23,7,27.269,7.983581663,NA,2380.764249,NA,NA,NA,2433.16241
13,8.06,Cabral_Col5_Dil7_Light,1,Cabral,36.1,6/10/23,Light,C,0.023597082,NA,0.09,8.39,0.06,0.31,6/14/23,7,27.269,7.983581663,36.1,2380.764249,36.1,Cabral_Col5_Dil7_Dark,1,2433.16241
13,8.07,Cabral_Col5_Dil8_Light,2,Cabral,35.9,6/10/23,LIGHT,NP,0.259070976,0.240789938,0.09,15.42,0.24,0.88,6/14/23,8,26.909,7.998371579,NA,2343.77277,NA,NA,NA,2427.573363
13,8.07,Cabral_Col5_Dil8_Dark,2,Cabral,35.9,6/10/23,DARK,R,0.374927468,0.39003673,0.09,15.42,0.24,0.88,6/14/23,8,26.909,7.998371579,NA,2343.77277,NA,NA,NA,2427.573363
13,8.07,Cabral_Col5_Dil8_Light,2,Cabral,35.9,6/10/23,LIGHT,GP,0.633998444,0.630826668,0.09,15.42,0.24,0.88,6/14/23,8,26.909,7.998371579,NA,2343.77277,NA,NA,NA,2427.573363
13,8.07,Cabral_Col5_Dil8_Light,2,Cabral,35.9,6/10/23,Light,C,0.150241343,NA,0.09,15.42,0.24,0.88,6/14/23,8,26.909,7.998371579,35.9,2343.77277,35.9,Cabral_Col5_Dil8_Dark,2,2427.573363
13,8.08,Cabral_Col5_Dil9_Light,4,Cabral,35.2,6/10/23,LIGHT,NP,0.278831048,0.260878606,0.12,24.72,0.04,0.39,6/14/23,9,27.163,7.99836625,NA,2357.879249,NA,NA,NA,2410.363767
13,8.08,Cabral_Col5_Dil9_Dark,4,Cabral,35.2,6/10/23,DARK,R,0.465701893,0.498263394,0.12,24.72,0.04,0.39,6/14/23,9,27.163,7.99836625,NA,2357.879249,NA,NA,NA,2410.363767
13,8.08,Cabral_Col5_Dil9_Light,4,Cabral,35.2,6/10/23,LIGHT,GP,0.744532941,0.759142,0.12,24.72,0.04,0.39,6/14/23,9,27.163,7.99836625,NA,2357.879249,NA,NA,NA,2410.363767
13,8.08,Cabral_Col5_Dil9_Light,4,Cabral,35.2,6/10/23,Light,C,0.229029673,NA,0.12,24.72,0.04,0.39,6/14/23,9,27.163,7.99836625,35.2,2357.879249,35.2,Cabral_Col5_Dil9_Dark,4,2410.363767
14,8.14,Cabral_Col6_Dil1_Light,0,Cabral,36.6,6/10/23,LIGHT,NP,0.471963898,0.396486808,0.05,3.38,0.16,0.52,6/14/23,1,27.11,7.966742367,NA,2400.146374,NA,NA,NA,2376.083907
14,8.14,Cabral_Col6_Dil1_Dark,0,Cabral,36.6,6/10/23,DARK,R,0.452784756,0.515702195,0.05,3.38,0.16,0.52,6/14/23,1,27.11,7.966742367,NA,2400.146374,NA,NA,NA,2376.083907
14,8.14,Cabral_Col6_Dil1_Light,0,Cabral,36.6,6/10/23,LIGHT,GP,0.924748653,0.912189004,0.05,3.38,0.16,0.52,6/14/23,1,27.11,7.966742367,NA,2400.146374,NA,NA,NA,2376.083907
14,8.14,Cabral_Col6_Dil1_Light,0,Cabral,36.6,6/10/23,Light,C,0.113894304,NA,0.05,3.38,0.16,0.52,6/14/23,1,27.11,7.966742367,36.6,2400.146374,36.6,Cabral_Col6_Dil1_Dark,0,2376.083907
14,8.05,Cabral_Col6_Dil2_Light,0.01,Cabral,36.5,6/10/23,LIGHT,NP,0.483220461,0.452782456,0.05,3.49,1.04,0.57,6/14/23,2,27.224,7.969949566,NA,2364.618326,NA,NA,NA,2387.582754
14,8.05,Cabral_Col6_Dil2_Dark,0.01,Cabral,36.5,6/10/23,DARK,R,0.49188436,0.519836571,0.05,3.49,1.04,0.57,6/14/23,2,27.224,7.969949566,NA,2364.618326,NA,NA,NA,2387.582754
14,8.05,Cabral_Col6_Dil2_Light,0.01,Cabral,36.5,6/10/23,LIGHT,GP,0.975104821,0.972619027,0.05,3.49,1.04,0.57,6/14/23,2,27.224,7.969949566,NA,2364.618326,NA,NA,NA,2384.387201
14,8.05,Cabral_Col6_Dil2_Light,0.01,Cabral,36.5,6/10/23,Light,C,0.118341838,NA,0.05,3.49,1.04,0.57,6/14/23,2,27.224,7.969949566,36.5,2364.618326,36.5,Cabral_Col6_Dil2_Dark,0.01,2376.059851
14,8.07,Cabral_Col6_Dil3_Light,0.03,Cabral,36.6,6/10/23,LIGHT,NP,0.387072463,0.373187314,0.04,4.11,0.28,0.7,6/14/23,3,26.984,7.998755982,NA,2382.397296,NA,NA,NA,2385.141998
14,8.07,Cabral_Col6_Dil3_Dark,0.03,Cabral,36.6,6/10/23,DARK,R,0.307717979,0.318665728,0.04,4.11,0.28,0.7,6/14/23,3,26.984,7.998755982,NA,2382.397296,NA,NA,NA,2385.141998
14,8.07,Cabral_Col6_Dil3_Light,0.03,Cabral,36.6,6/10/23,LIGHT,GP,0.694790442,0.691853042,0.04,4.11,0.28,0.7,6/14/23,3,26.984,7.998755982,NA,2382.397296,NA,NA,NA,2385.141998
14,8.07,Cabral_Col6_Dil3_Light,0.03,Cabral,36.6,6/10/23,Light,C,0.03457631,NA,0.04,4.11,0.28,0.7,6/14/23,3,26.984,7.998755982,36.6,2382.397296,36.6,Cabral_Col6_Dil3_Dark,0.03,2385.141998
14,8.06,Cabral_Col6_Dil4_Light,0.05,Cabral,36.5,6/10/23,LIGHT,NP,0.472283233,0.443948122,0.05,3.13,3.25,0.76,6/14/23,4,27.108,7.985024902,NA,2369.001411,NA,NA,NA,2416.980703
14,8.06,Cabral_Col6_Dil4_Dark,0.05,Cabral,36.5,6/10/23,DARK,R,0.375458793,0.40020952,0.05,3.13,3.25,0.76,6/14/23,4,27.108,7.985024902,NA,2369.001411,NA,NA,NA,2416.980703
14,8.06,Cabral_Col6_Dil4_Light,0.05,Cabral,36.5,6/10/23,LIGHT,GP,0.847742026,0.844157642,0.05,3.13,3.25,0.76,6/14/23,4,27.108,7.985024902,NA,2369.001411,NA,NA,NA,2364.629086
14,8.06,Cabral_Col6_Dil4_Light,0.05,Cabral,36.5,6/10/23,Light,C,0.139105419,NA,0.05,3.13,3.25,0.76,6/14/23,4,27.108,7.985024902,36.5,2369.001411,36.5,Cabral_Col6_Dil4_Dark,0.05,2344.51916
14,8.07,Cabral_Col6_Dil5_Light,0.1,Cabral,36.5,6/10/23,LIGHT,NP,0.475763225,0.464603164,0.06,5.23,0.17,0.43,6/14/23,5,27.058,7.995809965,NA,2342.277241,NA,NA,NA,2396.451536
14,8.07,Cabral_Col6_Dil5_Dark,0.1,Cabral,36.5,6/10/23,DARK,R,0.33946855,0.347761929,0.06,5.23,0.17,0.43,6/14/23,5,27.058,7.995809965,NA,2342.277241,NA,NA,NA,2396.451536
14,8.07,Cabral_Col6_Dil5_Light,0.1,Cabral,36.5,6/10/23,LIGHT,GP,0.815231774,0.812365093,0.06,5.23,0.17,0.43,6/14/23,5,27.058,7.995809965,NA,2342.277241,NA,NA,NA,2354.608921
14,8.07,Cabral_Col6_Dil5_Light,0.1,Cabral,36.5,6/10/23,Light,C,0.077181534,NA,0.06,5.23,0.17,0.43,6/14/23,5,27.058,7.995809965,36.5,2342.277241,36.5,Cabral_Col6_Dil5_Dark,0.1,2396.451536
14,8.07,Cabral_Col6_Dil6_Light,0.5,Cabral,36.4,6/10/23,LIGHT,NP,0.273577685,0.263538466,0.13,6.59,0.4,2,6/14/23,6,27.294,7.992232149,NA,2353.187015,NA,NA,NA,2401.021379
14,8.07,Cabral_Col6_Dil6_Dark,0.5,Cabral,36.4,6/10/23,DARK,R,0.304689834,0.309696722,0.13,6.59,0.4,2,6/14/23,6,27.294,7.992232149,NA,2353.187015,NA,NA,NA,2401.021379
14,8.07,Cabral_Col6_Dil6_Light,0.5,Cabral,36.4,6/10/23,LIGHT,GP,0.578267519,0.573235188,0.13,6.59,0.4,2,6/14/23,6,27.294,7.992232149,NA,2353.187015,NA,NA,NA,2401.021379
14,8.07,Cabral_Col6_Dil6_Light,0.5,Cabral,36.4,6/10/23,Light,C,0.028321201,NA,0.13,6.59,0.4,2,6/14/23,6,27.294,7.992232149,36.4,2353.187015,36.4,Cabral_Col6_Dil6_Dark,0.5,2401.021379
14,8.06,Cabral_Col6_Dil7_Light,1,Cabral,36.1,6/10/23,LIGHT,NP,0.357245174,0.344874408,0.09,8.39,0.06,0.31,6/14/23,7,27.269,7.983581663,NA,2374.480852,NA,NA,NA,2433.16241
14,8.06,Cabral_Col6_Dil7_Dark,1,Cabral,36.1,6/10/23,DARK,R,0.338636268,0.346366782,0.09,8.39,0.06,0.31,6/14/23,7,27.269,7.983581663,NA,2374.480852,NA,NA,NA,2433.16241
14,8.06,Cabral_Col6_Dil7_Light,1,Cabral,36.1,6/10/23,LIGHT,GP,0.695881442,0.69124119,0.09,8.39,0.06,0.31,6/14/23,7,27.269,7.983581663,NA,2374.480852,NA,NA,NA,2433.16241
14,8.06,Cabral_Col6_Dil7_Light,1,Cabral,36.1,6/10/23,Light,C,0.042935425,NA,0.09,8.39,0.06,0.31,6/14/23,7,27.269,7.983581663,36.1,2374.480852,36.1,Cabral_Col6_Dil7_Dark,1,2433.16241
14,8.07,Cabral_Col6_Dil8_Light,2,Cabral,35.9,6/10/23,LIGHT,NP,0.359341136,0.329542036,0.09,15.42,0.24,0.88,6/14/23,8,26.909,7.998371579,NA,2368.174013,NA,NA,NA,2427.573363
14,8.07,Cabral_Col6_Dil8_Dark,2,Cabral,35.9,6/10/23,DARK,R,0.445938909,0.470567838,0.09,15.42,0.24,0.88,6/14/23,8,26.909,7.998371579,NA,2368.174013,NA,NA,NA,2427.573363
14,8.07,Cabral_Col6_Dil8_Light,2,Cabral,35.9,6/10/23,LIGHT,GP,0.805280044,0.800109874,0.09,15.42,0.24,0.88,6/14/23,8,26.909,7.998371579,NA,2368.174013,NA,NA,NA,2427.573363
14,8.07,Cabral_Col6_Dil8_Light,2,Cabral,35.9,6/10/23,Light,C,0.132078902,NA,0.09,15.42,0.24,0.88,6/14/23,8,26.909,7.998371579,35.9,2368.174013,35.9,Cabral_Col6_Dil8_Dark,2,2427.573363
14,8.08,Cabral_Col6_Dil9_Light,4,Cabral,35.2,6/10/23,LIGHT,NP,0.44332031,0.430933768,0.12,24.72,0.04,0.39,6/14/23,9,27.163,7.99836625,NA,2381.689204,NA,NA,NA,2410.363767
14,8.08,Cabral_Col6_Dil9_Dark,4,Cabral,35.2,6/10/23,DARK,R,0.504670592,0.527136862,0.12,24.72,0.04,0.39,6/14/23,9,27.163,7.99836625,NA,2381.689204,NA,NA,NA,2410.363767
14,8.08,Cabral_Col6_Dil9_Light,4,Cabral,35.2,6/10/23,LIGHT,GP,0.947990902,0.95807063,0.12,24.72,0.04,0.39,6/14/23,9,27.163,7.99836625,NA,2381.689204,NA,NA,NA,2410.363767
14,8.08,Cabral_Col6_Dil9_Light,4,Cabral,35.2,6/10/23,Light,C,0.060468,NA,0.12,24.72,0.04,0.39,6/14/23,9,27.163,7.99836625,35.2,2381.689204,35.2,Cabral_Col6_Dil9_Dark,4,2410.363767
15,8.09,Cabral_Col7_Dil1_Light,0,Cabral,36.5,6/11/23,LIGHT,NP,0.467784968,0.413819533,0.03,4.24,0.54,21.41,6/14/23,1,27.436,8.012209319,NA,2371.581242,NA,NA,NA,2382.096706
15,8.09,Cabral_Col7_Dil1_Dark,0,Cabral,36.5,6/11/23,DARK,R,0.447500493,0.496199341,0.03,4.24,0.54,21.41,6/14/23,1,27.436,8.012209319,NA,2371.581242,NA,NA,NA,2382.096706
15,8.09,Cabral_Col7_Dil1_Light,0,Cabral,36.5,6/11/23,LIGHT,GP,0.915285461,0.910018875,0.03,4.24,0.54,21.41,6/14/23,1,27.436,8.012209319,NA,2371.581242,NA,NA,NA,2382.096706
15,8.09,Cabral_Col7_Dil1_Light,0,Cabral,36.5,6/11/23,Light,C,0.339141949,NA,0.03,4.24,0.54,21.41,6/14/23,1,27.436,8.012209319,36.5,2371.581242,36.5,Cabral_Col7_Dil1_Dark,0,2382.096706
15,8.09,Cabral_Col7_Dil2_Light,0.01,Cabral,36.6,6/11/23,LIGHT,NP,0.385668716,0.351470259,0.03,3.04,1.02,17.21,6/14/23,2,27.345,8.008691364,NA,2372.372145,NA,NA,NA,2376.059851
15,8.09,Cabral_Col7_Dil2_Dark,0.01,Cabral,36.6,6/11/23,DARK,R,0.327859003,0.357264476,0.03,3.04,1.02,17.21,6/14/23,2,27.345,8.008691364,NA,2372.372145,NA,NA,NA,2381.684085
15,8.09,Cabral_Col7_Dil2_Light,0.01,Cabral,36.6,6/11/23,LIGHT,GP,0.713527719,0.708734735,0.03,3.04,1.02,17.21,6/14/23,2,27.345,8.008691364,NA,2372.372145,NA,NA,NA,2381.684085
15,8.09,Cabral_Col7_Dil2_Light,0.01,Cabral,36.6,6/11/23,Light,C,0.163859834,NA,0.03,3.04,1.02,17.21,6/14/23,2,27.345,8.008691364,36.6,2372.372145,36.6,Cabral_Col7_Dil2_Dark,0.01,2381.684085
15,8.08,Cabral_Col7_Dil3_Light,0.03,Cabral,36.5,6/11/23,LIGHT,NP,0.400264429,0.377259279,0.04,5.16,1.78,2.98,6/14/23,3,27.68,8.000333893,NA,2395.493573,NA,NA,NA,2377.767651
15,8.08,Cabral_Col7_Dil3_Dark,0.03,Cabral,36.5,6/11/23,DARK,R,0.290685347,0.310510098,0.04,5.16,1.78,2.98,6/14/23,3,27.68,8.000333893,NA,2395.493573,NA,NA,NA,2377.767651
15,8.08,Cabral_Col7_Dil3_Light,0.03,Cabral,36.5,6/11/23,LIGHT,GP,0.690949777,0.687769377,0.04,5.16,1.78,2.98,6/14/23,3,27.68,8.000333893,NA,2395.493573,NA,NA,NA,2377.767651
15,8.08,Cabral_Col7_Dil3_Light,0.03,Cabral,36.5,6/11/23,Light,C,0.063007028,NA,0.04,5.16,1.78,2.98,6/14/23,3,27.68,8.000333893,36.5,2395.493573,36.5,Cabral_Col7_Dil3_Dark,0.03,2377.767651
15,8.06,Cabral_Col7_Dil4_Light,0.05,Cabral,36.5,6/11/23,LIGHT,NP,0.328958192,0.305966739,0.03,3.79,0.14,0.86,6/14/23,4,27.788,7.977017858,NA,2364.631864,NA,NA,NA,2372.216347
15,8.06,Cabral_Col7_Dil4_Dark,0.05,Cabral,36.5,6/11/23,DARK,R,0.346017736,0.366267384,0.03,3.79,0.14,0.86,6/14/23,4,27.788,7.977017858,NA,2364.631864,NA,NA,NA,2372.216347
15,8.06,Cabral_Col7_Dil4_Light,0.05,Cabral,36.5,6/11/23,LIGHT,GP,0.674975929,0.672234123,0.03,3.79,0.14,0.86,6/14/23,4,27.788,7.977017858,NA,2364.631864,NA,NA,NA,2372.216347
15,8.06,Cabral_Col7_Dil4_Light,0.05,Cabral,36.5,6/11/23,Light,C,0.095095564,NA,0.03,3.79,0.14,0.86,6/14/23,4,27.788,7.977017858,36.5,2364.631864,36.5,Cabral_Col7_Dil4_Dark,0.05,2372.216347
15,8.06,Cabral_Col7_Dil5_Light,0.1,Cabral,36.5,6/11/23,LIGHT,NP,0.457284186,0.441371851,0.03,4.33,0.45,0.95,6/14/23,5,27.779,7.973796473,NA,2386.033331,NA,NA,NA,2379.793461
15,8.06,Cabral_Col7_Dil5_Dark,0.1,Cabral,36.5,6/11/23,DARK,R,0.396524637,0.413419282,0.03,4.33,0.45,0.95,6/14/23,5,27.779,7.973796473,NA,2386.033331,NA,NA,NA,2379.793461
15,8.06,Cabral_Col7_Dil5_Light,0.1,Cabral,36.5,6/11/23,LIGHT,GP,0.853808823,0.854791133,0.03,4.33,0.45,0.95,6/14/23,5,27.779,7.973796473,NA,2386.033331,NA,NA,NA,2379.793461
15,8.06,Cabral_Col7_Dil5_Light,0.1,Cabral,36.5,6/11/23,Light,C,0.096502899,NA,0.03,4.33,0.45,0.95,6/14/23,5,27.779,7.973796473,36.5,2386.033331,36.5,Cabral_Col7_Dil5_Dark,0.1,2379.793461
15,8.09,Cabral_Col7_Dil6_Light,0.5,Cabral,36.3,6/11/23,LIGHT,NP,0.26544242,0.245668802,0.04,6.59,0.6,8.48,6/14/23,6,27.685,8.009902878,NA,2370.480641,NA,NA,NA,2369.619428
15,8.09,Cabral_Col7_Dil6_Dark,0.5,Cabral,36.3,6/11/23,DARK,R,0.322912662,0.346934159,0.04,6.59,0.6,8.48,6/14/23,6,27.685,8.009902878,NA,2370.480641,NA,NA,NA,2369.619428
15,8.09,Cabral_Col7_Dil6_Light,0.5,Cabral,36.3,6/11/23,LIGHT,GP,0.588355083,0.592602962,0.04,6.59,0.6,8.48,6/14/23,6,27.685,8.009902878,NA,2370.480641,NA,NA,NA,2369.619428
15,8.09,Cabral_Col7_Dil6_Light,0.5,Cabral,36.3,6/11/23,Light,C,0.251132356,NA,0.04,6.59,0.6,8.48,6/14/23,6,27.685,8.009902878,36.3,2370.480641,36.3,Cabral_Col7_Dil6_Dark,0.5,2369.619428
15,8.05,Cabral_Col7_Dil7_Light,1,Cabral,36.2,6/11/23,LIGHT,NP,0.549105758,0.532076405,0.05,9.41,0.46,10.63,6/14/23,7,27.602,7.963967371,NA,2436.457464,NA,NA,NA,2416.039082
15,8.05,Cabral_Col7_Dil7_Dark,1,Cabral,36.2,6/11/23,DARK,R,0.338528739,0.355818784,0.05,9.41,0.46,10.63,6/14/23,7,27.602,7.963967371,NA,2436.457464,NA,NA,NA,2416.039082
15,8.05,Cabral_Col7_Dil7_Light,1,Cabral,36.2,6/11/23,LIGHT,GP,0.887634497,0.887895189,0.05,9.41,0.46,10.63,6/14/23,7,27.602,7.963967371,NA,2436.457464,NA,NA,NA,2416.039082
15,8.05,Cabral_Col7_Dil7_Light,1,Cabral,36.2,6/11/23,Light,C,0.110481421,NA,0.05,9.41,0.46,10.63,6/14/23,7,27.602,7.963967371,36.2,2436.457464,36.2,Cabral_Col7_Dil7_Dark,1,2416.039082
15,8.05,Cabral_Col7_Dil8_Light,2,Cabral,35.9,6/11/23,LIGHT,NP,Inf,Inf,0.06,13.9,0.17,23.37,6/14/23,8,27.452,7.965480921,NA,2374.238719,NA,NA,NA,2378.953672
15,8.05,Cabral_Col7_Dil8_Dark,2,Cabral,35.9,6/11/23,DARK,R,Inf,Inf,0.06,13.9,0.17,23.37,6/14/23,8,27.452,7.965480921,NA,2374.238719,NA,NA,NA,2378.953672
15,8.05,Cabral_Col7_Dil8_Light,2,Cabral,35.9,6/11/23,LIGHT,GP,Inf,Inf,0.06,13.9,0.17,23.37,6/14/23,8,27.452,7.965480921,NA,2374.238719,NA,NA,NA,2378.953672
15,8.05,Cabral_Col7_Dil8_Light,2,Cabral,35.9,6/11/23,Light,C,Inf,NA,0.06,13.9,0.17,23.37,6/14/23,8,27.452,7.965480921,35.9,2374.238719,35.9,Cabral_Col7_Dil8_Dark,2,2378.953672
15,8.08,Cabral_Col7_Dil9_Light,4,Cabral,35.1,6/11/23,LIGHT,NP,0.257233227,0.243281114,0.06,23.61,1.31,18.74,6/14/23,9,27.734,7.995066862,NA,2381.336345,NA,NA,NA,2380.96903
15,8.08,Cabral_Col7_Dil9_Dark,4,Cabral,35.1,6/11/23,DARK,R,0.302555362,0.312403345,0.06,23.61,1.31,18.74,6/14/23,9,27.734,7.995066862,NA,2381.336345,NA,NA,NA,2380.96903
15,8.08,Cabral_Col7_Dil9_Light,4,Cabral,35.1,6/11/23,LIGHT,GP,0.559788589,0.555684459,0.06,23.61,1.31,18.74,6/14/23,9,27.734,7.995066862,NA,2381.336345,NA,NA,NA,2380.96903
15,8.08,Cabral_Col7_Dil9_Light,4,Cabral,35.1,6/11/23,Light,C,0.055597061,NA,0.06,23.61,1.31,18.74,6/14/23,9,27.734,7.995066862,35.1,2381.336345,35.1,Cabral_Col7_Dil9_Dark,4,2380.96903
16,8.06,Cabral_Col8_Dil1_Light,0,Cabral,36.5,6/11/23,LIGHT,NP,0.422326708,0.38593518,0.03,4.24,0.54,21.41,6/14/23,1,27.436,8.012209319,NA,2387.010951,NA,NA,NA,2440.699175
16,8.06,Cabral_Col8_Dil1_Dark,0,Cabral,36.5,6/11/23,DARK,R,0.34512048,0.377960492,0.03,4.24,0.54,21.41,6/14/23,1,27.436,8.012209319,NA,2387.010951,NA,NA,NA,2382.096706
16,8.09,Cabral_Col8_Dil1_Light,0,Cabral,36.5,6/11/23,LIGHT,GP,0.767447188,0.763895672,0.03,4.24,0.54,21.41,6/14/23,1,27.436,8.012209319,NA,2387.010951,NA,NA,NA,2382.096706
16,8.09,Cabral_Col8_Dil1_Light,0,Cabral,36.5,6/11/23,Light,C,0.159017235,NA,0.03,4.24,0.54,21.41,6/14/23,1,27.436,8.012209319,36.5,2387.010951,36.5,Cabral_Col8_Dil1_Dark,0,2382.096706
16,8.09,Cabral_Col8_Dil2_Light,0.01,Cabral,36.4,6/11/23,LIGHT,NP,0.413612875,0.391839424,0.04,1.78,0.52,1.77,6/14/23,2,29.187,8.025282823,NA,2378.883991,NA,NA,NA,2381.684085
16,8.09,Cabral_Col8_Dil2_Dark,0.01,Cabral,36.4,6/11/23,DARK,R,0.38027798,0.398999836,0.06,2.55,0.72,1.64,6/14/23,2,27.7,7.981415001,NA,2378.883991,NA,NA,NA,2381.684085
16,8.09,Cabral_Col8_Dil2_Light,0.01,Cabral,36.4,6/11/23,LIGHT,GP,0.793890855,0.790839261,0.06,2.55,0.72,1.64,6/14/23,2,27.7,7.981415001,NA,2378.883991,NA,NA,NA,2381.684085
16,8.09,Cabral_Col8_Dil2_Light,0.01,Cabral,36.6,6/11/23,Light,C,0.076277282,NA,0.03,3.04,1.02,17.21,6/14/23,2,27.345,8.008691364,36.6,2378.883991,36.6,Cabral_Col8_Dil2_Dark,0.01,2381.684085
16,8.08,Cabral_Col8_Dil3_Light,0.03,Cabral,36.5,6/11/23,LIGHT,NP,0.282907334,0.264449508,0.04,1.93,1.79,7.35,6/14/23,3,29.115,8.032791308,NA,2397.745495,NA,NA,NA,2377.767651
16,8.08,Cabral_Col8_Dil3_Dark,0.03,Cabral,36.5,6/11/23,DARK,R,0.291330073,0.307236154,0.04,5.16,1.78,2.98,6/14/23,3,27.68,8.000333893,NA,2397.745495,NA,NA,NA,2377.767651
16,8.08,Cabral_Col8_Dil3_Light,0.03,Cabral,36.5,6/11/23,LIGHT,GP,0.574237407,0.571685663,0.04,5.16,1.78,2.98,6/14/23,3,27.68,8.000333893,NA,2397.745495,NA,NA,NA,2377.767651
16,8.08,Cabral_Col8_Dil3_Light,0.03,Cabral,36.5,6/11/23,Light,C,0.038689772,NA,0.04,5.16,1.78,2.98,6/14/23,3,27.68,8.000333893,36.5,2397.745495,36.5,Cabral_Col8_Dil3_Dark,0.03,2377.767651
16,8.06,Cabral_Col8_Dil4_Light,0.05,Cabral,36.4,6/11/23,LIGHT,NP,0.452813686,0.436740853,0.06,2.24,0.47,2.25,6/14/23,4,27.717,7.977017858,NA,2371.355603,NA,NA,NA,2372.216347
16,8.06,Cabral_Col8_Dil4_Dark,0.05,Cabral,36.4,6/11/23,DARK,R,0.381549399,0.395705494,0.06,2.24,0.47,2.25,6/14/23,4,27.717,7.977017858,NA,2371.355603,NA,NA,NA,2372.216347
16,8.06,Cabral_Col8_Dil4_Light,0.05,Cabral,36.5,6/11/23,LIGHT,GP,0.834363085,0.832446347,0.03,3.79,0.14,0.86,6/14/23,4,27.788,7.977017858,NA,2371.355603,NA,NA,NA,2372.216347
16,8.06,Cabral_Col8_Dil4_Light,0.05,Cabral,36.5,6/11/23,Light,C,0.045018847,NA,0.03,3.79,0.14,0.86,6/14/23,4,27.788,7.977017858,36.5,2371.355603,36.5,Cabral_Col8_Dil4_Dark,0.05,2372.216347
16,8.06,Cabral_Col8_Dil5_Light,0.1,Cabral,36.5,6/11/23,LIGHT,NP,0.368456676,0.349739454,0.03,4.33,0.45,0.95,6/14/23,5,27.779,7.973796473,NA,2401.438151,NA,NA,NA,2379.793461
16,8.06,Cabral_Col8_Dil5_Dark,0.1,Cabral,36.5,6/11/23,DARK,R,0.409616312,0.429488997,0.03,4.33,0.45,0.95,6/14/23,5,27.779,7.973796473,NA,2401.438151,NA,NA,NA,2379.793461
16,8.06,Cabral_Col8_Dil5_Light,0.1,Cabral,36.5,6/11/23,LIGHT,GP,0.778072988,0.779228451,0.03,4.33,0.45,0.95,6/14/23,5,27.779,7.973796473,NA,2401.438151,NA,NA,NA,2379.793461
16,8.06,Cabral_Col8_Dil5_Light,0.1,Cabral,36.5,6/11/23,Light,C,0.056076061,NA,0.03,4.33,0.45,0.95,6/14/23,5,27.779,7.973796473,36.5,2401.438151,36.5,Cabral_Col8_Dil5_Dark,0.1,2379.793461
16,8.09,Cabral_Col8_Dil6_Light,0.5,Cabral,36.3,6/11/23,LIGHT,NP,0.281787922,0.263547833,0.04,6.59,0.6,8.48,6/14/23,6,27.685,8.009902878,NA,2387.583749,NA,NA,NA,2369.619428
16,8.09,Cabral_Col8_Dil6_Dark,0.5,Cabral,36.3,6/11/23,DARK,R,0.381799788,0.403958315,0.04,6.59,0.6,8.48,6/14/23,6,27.685,8.009902878,NA,2387.583749,NA,NA,NA,2369.619428
16,8.09,Cabral_Col8_Dil6_Light,0.5,Cabral,36.3,6/11/23,LIGHT,GP,0.66358771,0.667506148,0.04,6.59,0.6,8.48,6/14/23,6,27.685,8.009902878,NA,2387.583749,NA,NA,NA,2369.619428
16,8.09,Cabral_Col8_Dil6_Light,0.5,Cabral,36.3,6/11/23,Light,C,0.129079653,NA,0.04,6.59,0.6,8.48,6/14/23,6,27.685,8.009902878,36.3,2387.583749,36.3,Cabral_Col8_Dil6_Dark,0.5,2369.619428
16,8.05,Cabral_Col8_Dil7_Light,1,Cabral,36.2,6/11/23,LIGHT,NP,0.352656897,0.33937828,0.05,9.41,0.46,10.63,6/14/23,7,27.602,7.963967371,NA,2414.232623,NA,NA,NA,2416.039082
16,8.05,Cabral_Col8_Dil7_Dark,1,Cabral,36.2,6/11/23,DARK,R,0.341716778,0.355198669,0.05,9.41,0.46,10.63,6/14/23,7,27.602,7.963967371,NA,2414.232623,NA,NA,NA,2416.039082
16,8.05,Cabral_Col8_Dil7_Light,1,Cabral,36.2,6/11/23,LIGHT,GP,0.694373675,0.694576949,0.05,9.41,0.46,10.63,6/14/23,7,27.602,7.963967371,NA,2414.232623,NA,NA,NA,2416.039082
16,8.05,Cabral_Col8_Dil7_Light,1,Cabral,36.2,6/11/23,Light,C,0.150246265,NA,0.05,9.41,0.46,10.63,6/14/23,7,27.602,7.963967371,36.2,2414.232623,36.2,Cabral_Col8_Dil7_Dark,1,2416.039082
16,8.05,Cabral_Col8_Dil8_Light,2,Cabral,35.9,6/11/23,LIGHT,NP,0.352992878,0.338441603,0.06,13.9,0.17,23.37,6/14/23,8,27.452,7.965480921,NA,2382.143503,NA,NA,NA,2378.953672
16,8.05,Cabral_Col8_Dil8_Dark,2,Cabral,35.9,6/11/23,DARK,R,0.439373368,0.448876134,0.06,13.9,0.17,23.37,6/14/23,8,27.452,7.965480921,NA,2382.143503,NA,NA,NA,2378.953672
16,8.05,Cabral_Col8_Dil8_Light,2,Cabral,35.9,6/11/23,LIGHT,GP,0.792366246,0.787317737,0.06,13.9,0.17,23.37,6/14/23,8,27.452,7.965480921,NA,2382.143503,NA,NA,NA,2378.953672
16,8.05,Cabral_Col8_Dil8_Light,2,Cabral,35.9,6/11/23,Light,C,0.046417802,NA,0.06,13.9,0.17,23.37,6/14/23,8,27.452,7.965480921,35.9,2382.143503,35.9,Cabral_Col8_Dil8_Dark,2,2378.953672
16,8.08,Cabral_Col8_Dil9_Light,4,Cabral,35.1,6/11/23,LIGHT,NP,0.317230422,0.296639402,0.06,23.61,1.31,18.74,6/14/23,9,27.734,7.995066862,NA,2410.307212,NA,NA,NA,2380.96903
16,8.08,Cabral_Col8_Dil9_Dark,4,Cabral,35.1,6/11/23,DARK,R,0.349696619,0.36423062,0.06,23.61,1.31,18.74,6/14/23,9,27.734,7.995066862,NA,2410.307212,NA,NA,NA,2380.96903
16,8.08,Cabral_Col8_Dil9_Light,4,Cabral,35.1,6/11/23,LIGHT,GP,0.666927041,0.660870022,0.06,23.61,1.31,18.74,6/14/23,9,27.734,7.995066862,NA,2410.307212,NA,NA,NA,2380.96903
16,8.08,Cabral_Col8_Dil9_Light,4,Cabral,35.1,6/11/23,Light,C,-0.068296343,NA,0.06,23.61,1.31,18.74,6/14/23,9,27.734,7.995066862,35.1,2410.307212,35.1,Cabral_Col8_Dil9_Dark,4,2380.96903
17,8.08,Cabral_Col9_Dil1_Light,0,Cabral,36.3,6/12/23,LIGHT,NP,0.43692549,0.410711405,0.03,2.58,0.23,0.16,6/14/23,1,28.172,7.976166127,NA,2358.205389,NA,NA,NA,2366.430138
17,8.08,Cabral_Col9_Dil1_Dark,0,Cabral,36.3,6/12/23,DARK,R,0.331871773,0.353835416,0.03,2.58,0.23,0.16,6/14/23,1,28.172,7.976166127,NA,2358.205389,NA,NA,NA,2366.430138
17,8.06,Cabral_Col9_Dil1_Light,0,Cabral,36.3,6/12/23,LIGHT,GP,0.768797263,0.764546821,0.03,2.58,0.23,0.16,6/14/23,1,28.172,7.976166127,NA,2358.205389,NA,NA,NA,2366.430138
17,8.06,Cabral_Col9_Dil1_Light,0,Cabral,36.3,6/12/23,Light,C,0.117015288,NA,0.03,2.58,0.23,0.16,6/14/23,1,28.172,7.976166127,36.3,2358.205389,36.3,Cabral_Col9_Dil1_Dark,0,2366.430138
17,8.08,Cabral_Col9_Dil2_Light,0.01,Cabral,36.6,6/12/23,LIGHT,NP,0.56579967,0.485046896,0.03,2.98,0.07,<0.02,6/14/23,2,27.982,7.991198619,NA,2363.486669,NA,NA,NA,2437.47068
17,8.08,Cabral_Col9_Dil2_Dark,0.01,Cabral,36.6,6/12/23,DARK,R,0.324490023,0.391905473,0.03,2.98,0.07,<0.02,6/14/23,2,27.982,7.991198619,NA,2363.486669,NA,NA,NA,2437.47068
17,8.08,Cabral_Col9_Dil2_Light,0.01,Cabral,36.6,6/12/23,LIGHT,GP,0.890289693,0.876952369,0.03,2.98,0.07,<0.02,6/14/23,2,27.982,7.991198619,NA,2363.486669,NA,NA,NA,2437.47068
17,8.08,Cabral_Col9_Dil2_Light,0.01,Cabral,36.6,6/12/23,Light,C,0.297519759,NA,0.03,2.98,0.07,<0.02,6/14/23,2,27.982,7.991198619,36.6,2363.486669,36.6,Cabral_Col9_Dil2_Dark,0.01,2437.47068
17,8.05,Cabral_Col9_Dil3_Light,0.03,Cabral,36.4,6/12/23,LIGHT,NP,0.638819376,0.595492414,0.07,3.15,0.8,6.67,6/14/23,3,28.395,7.963168175,NA,2363.234435,NA,NA,NA,2378.494426
17,8.05,Cabral_Col9_Dil3_Dark,0.03,Cabral,36.4,6/12/23,DARK,R,0.292120987,0.332121991,0.07,3.15,0.8,6.67,6/14/23,3,28.395,7.963168175,NA,2363.234435,NA,NA,NA,2378.494426
17,8.05,Cabral_Col9_Dil3_Light,0.03,Cabral,36.4,6/12/23,LIGHT,GP,0.930940363,0.927614405,0.07,3.15,0.8,6.67,6/14/23,3,28.395,7.963168175,NA,2363.234435,NA,NA,NA,2378.494426
17,8.05,Cabral_Col9_Dil3_Light,0.03,Cabral,36.4,6/12/23,Light,C,0.291865113,NA,0.07,3.15,0.8,6.67,6/14/23,3,28.395,7.963168175,36.4,2363.234435,36.4,Cabral_Col9_Dil3_Dark,0.03,2378.494426
17,8.09,Cabral_Col9_Dil4_Light,0.05,Cabral,36.6,6/12/23,LIGHT,NP,0.680744509,0.612158368,0.04,4.14,0.86,2.16,6/14/23,4,28.219,8.002864299,NA,2363.771572,NA,NA,NA,2378.482368
17,8.09,Cabral_Col9_Dil4_Dark,0.05,Cabral,36.6,6/12/23,DARK,R,0.306510469,0.363925189,0.04,4.14,0.86,2.16,6/14/23,4,28.219,8.002864299,NA,2363.771572,NA,NA,NA,2378.482368
17,8.09,Cabral_Col9_Dil4_Light,0.05,Cabral,36.6,6/12/23,LIGHT,GP,0.987254979,0.976083557,0.04,4.14,0.86,2.16,6/14/23,4,28.219,8.002864299,NA,2363.771572,NA,NA,NA,2378.482368
17,8.09,Cabral_Col9_Dil4_Light,0.05,Cabral,36.6,6/12/23,Light,C,0.318158018,NA,0.04,4.14,0.86,2.16,6/14/23,4,28.219,8.002864299,36.6,2363.771572,36.6,Cabral_Col9_Dil4_Dark,0.05,2378.482368
17,8.1,Cabral_Col9_Dil5_Light,0.1,Cabral,36.4,6/12/23,LIGHT,NP,0.472646366,0.444020213,0.04,3.67,0.51,12.78,6/14/23,5,28.251,8.007015023,NA,2405.42999,NA,NA,NA,2387.15343
17,8.1,Cabral_Col9_Dil5_Dark,0.1,Cabral,36.4,6/12/23,DARK,R,0.27275158,0.295312854,0.04,3.67,0.51,12.78,6/14/23,5,28.251,8.007015023,NA,2405.42999,NA,NA,NA,2387.15343
17,8.1,Cabral_Col9_Dil5_Light,0.1,Cabral,36.4,6/12/23,LIGHT,GP,0.745397945,0.739333067,0.04,3.67,0.51,12.78,6/14/23,5,28.251,8.007015023,NA,2405.42999,NA,NA,NA,2387.15343
17,8.1,Cabral_Col9_Dil5_Light,0.1,Cabral,36.4,6/12/23,Light,C,0.041839547,NA,0.04,3.67,0.51,12.78,6/14/23,5,28.251,8.007015023,36.4,2405.42999,36.4,Cabral_Col9_Dil5_Dark,0.1,2387.15343
17,8.07,Cabral_Col9_Dil6_Light,0.5,Cabral,36.3,6/12/23,LIGHT,NP,0.407470442,0.392475031,0.04,6.04,0.37,2.01,6/14/23,6,28.313,7.977503903,NA,2351.136681,NA,NA,NA,2370.703949
17,8.07,Cabral_Col9_Dil6_Dark,0.5,Cabral,36.3,6/12/23,DARK,R,0.27092088,0.277505747,0.04,6.04,0.37,2.01,6/14/23,6,28.313,7.977503903,NA,2351.136681,NA,NA,NA,2370.703949
17,8.07,Cabral_Col9_Dil6_Light,0.5,Cabral,36.3,6/12/23,LIGHT,GP,0.678391321,0.669980777,0.04,6.04,0.37,2.01,6/14/23,6,28.313,7.977503903,NA,2351.136681,NA,NA,NA,2370.703949
17,8.07,Cabral_Col9_Dil6_Light,0.5,Cabral,36.3,6/12/23,Light,C,0.081435466,NA,0.04,6.04,0.37,2.01,6/14/23,6,28.313,7.977503903,36.3,2351.136681,36.3,Cabral_Col9_Dil6_Dark,0.5,2370.703949
17,8.08,Cabral_Col9_Dil7_Light,1,Cabral,36.1,6/12/23,LIGHT,NP,0.405734298,0.34836814,0.06,9.83,0.31,0.96,6/14/23,7,28.899,7.982119028,NA,2379.484557,NA,NA,NA,2386.611317
17,8.08,Cabral_Col9_Dil7_Dark,1,Cabral,36.1,6/12/23,DARK,R,0.204077414,0.265717842,0.06,9.83,0.31,0.96,6/14/23,7,28.899,7.982119028,NA,2379.484557,NA,NA,NA,2386.611317
17,8.08,Cabral_Col9_Dil7_Light,1,Cabral,36.1,6/12/23,LIGHT,GP,0.609811712,0.614085982,0.06,9.83,0.31,0.96,6/14/23,7,28.899,7.982119028,NA,2379.484557,NA,NA,NA,2386.611317
17,8.08,Cabral_Col9_Dil7_Light,1,Cabral,36.1,6/12/23,Light,C,0.400498261,NA,0.06,9.83,0.31,0.96,6/14/23,7,28.899,7.982119028,36.1,2379.484557,36.1,Cabral_Col9_Dil7_Dark,1,2386.611317
17,8.08,Cabral_Col9_Dil8_Light,2,Cabral,35.8,6/12/23,LIGHT,NP,0.38629482,0.365006965,0.04,15.57,0.24,2.42,6/14/23,8,28.199,7.991501772,NA,2368.758982,NA,NA,NA,2368.313481
17,8.08,Cabral_Col9_Dil8_Dark,2,Cabral,35.8,6/12/23,DARK,R,0.336445622,0.34672214,0.04,15.57,0.24,2.42,6/14/23,8,28.199,7.991501772,NA,2368.758982,NA,NA,NA,2368.313481
17,8.08,Cabral_Col9_Dil8_Light,2,Cabral,35.8,6/12/23,LIGHT,GP,0.722740442,0.711729105,0.04,15.57,0.24,2.42,6/14/23,8,28.199,7.991501772,NA,2368.758982,NA,NA,NA,2368.313481
17,8.08,Cabral_Col9_Dil8_Light,2,Cabral,35.8,6/12/23,Light,C,0.050474141,NA,0.04,15.57,0.24,2.42,6/14/23,8,28.199,7.991501772,35.8,2368.758982,35.8,Cabral_Col9_Dil8_Dark,2,2368.313481
17,8.1,Cabral_Col9_Dil9_Light,4,Cabral,35.1,6/12/23,LIGHT,NP,0.469635598,0.438717811,0.07,25.7,0.32,1.99,6/14/23,9,28.389,8.004134508,NA,2376.244383,NA,NA,NA,2377.671921
17,8.1,Cabral_Col9_Dil9_Dark,4,Cabral,35.1,6/12/23,DARK,R,0.282654297,0.295752555,0.07,25.7,0.32,1.99,6/14/23,9,28.389,8.004134508,NA,2376.244383,NA,NA,NA,2377.671921
17,8.1,Cabral_Col9_Dil9_Light,4,Cabral,35.1,6/12/23,LIGHT,GP,0.752289896,0.734470366,0.07,25.7,0.32,1.99,6/14/23,9,28.389,8.004134508,NA,2376.244383,NA,NA,NA,2377.671921
17,8.1,Cabral_Col9_Dil9_Light,4,Cabral,35.1,6/12/23,Light,C,0.09967638,NA,0.07,25.7,0.32,1.99,6/14/23,9,28.389,8.004134508,35.1,2376.244383,35.1,Cabral_Col9_Dil9_Dark,4,2377.671921
18,8.06,Cabral_Col10_Dil1_Light,0,Cabral,36.3,6/12/23,LIGHT,NP,0.468053829,0.441552607,0.03,2.58,0.23,0.16,6/14/23,1,28.172,7.976166127,NA,2362.981772,NA,NA,NA,2366.430138
18,8.06,Cabral_Col10_Dil1_Dark,0,Cabral,36.3,6/12/23,DARK,R,0.379242375,0.401446598,0.03,2.58,0.23,0.16,6/14/23,1,28.172,7.976166127,NA,2362.981772,NA,NA,NA,2366.430138
18,8.06,Cabral_Col10_Dil1_Light,0,Cabral,36.3,6/12/23,LIGHT,GP,0.847296204,0.842999205,0.03,2.58,0.23,0.16,6/14/23,1,28.172,7.976166127,NA,2362.981772,NA,NA,NA,2366.430138
18,8.06,Cabral_Col10_Dil1_Light,0,Cabral,36.3,6/12/23,Light,C,0.094630772,NA,0.03,2.58,0.23,0.16,6/14/23,1,28.172,7.976166127,36.3,2362.981772,36.3,Cabral_Col10_Dil1_Dark,0,2366.430138
18,8.08,Cabral_Col10_Dil2_Light,0.01,Cabral,36.6,6/12/23,LIGHT,NP,0.46294076,0.397618195,0.03,2.98,0.07,<0.02,6/14/23,2,27.982,7.991198619,NA,2392.314449,NA,NA,NA,2437.47068
18,8.08,Cabral_Col10_Dil2_Dark,0.01,Cabral,36.6,6/12/23,DARK,R,0.450833712,0.505367443,0.03,2.98,0.07,<0.02,6/14/23,2,27.982,7.991198619,NA,2392.314449,NA,NA,NA,2437.47068
18,8.08,Cabral_Col10_Dil2_Light,0.01,Cabral,36.6,6/12/23,LIGHT,GP,0.913774472,0.902985638,0.03,2.98,0.07,<0.02,6/14/23,2,27.982,7.991198619,NA,2392.314449,NA,NA,NA,2437.47068
18,8.08,Cabral_Col10_Dil2_Light,0.01,Cabral,36.6,6/12/23,Light,C,0.101066991,NA,0.03,2.98,0.07,<0.02,6/14/23,2,27.982,7.991198619,36.6,2392.314449,36.6,Cabral_Col10_Dil2_Dark,0.01,2437.47068
18,8.05,Cabral_Col10_Dil3_Light,0.03,Cabral,36.4,6/12/23,LIGHT,NP,0.278678271,0.249378065,0.07,3.15,0.8,6.67,6/14/23,3,28.395,7.963168175,NA,2408.60394,NA,NA,NA,2378.494426
18,8.05,Cabral_Col10_Dil3_Dark,0.03,Cabral,36.4,6/12/23,DARK,R,0.195094219,0.222145219,0.07,3.15,0.8,6.67,6/14/23,3,28.395,7.963168175,NA,2408.60394,NA,NA,NA,2378.494426
18,8.05,Cabral_Col10_Dil3_Light,0.03,Cabral,36.4,6/12/23,LIGHT,GP,0.47377249,0.471523284,0.07,3.15,0.8,6.67,6/14/23,3,28.395,7.963168175,NA,2408.60394,NA,NA,NA,2378.494426
18,8.05,Cabral_Col10_Dil3_Light,0.03,Cabral,36.4,6/12/23,Light,C,0.092666123,NA,0.07,3.15,0.8,6.67,6/14/23,3,28.395,7.963168175,36.4,2408.60394,36.4,Cabral_Col10_Dil3_Dark,0.03,2378.494426
18,8.09,Cabral_Col10_Dil4_Light,0.05,Cabral,36.6,6/12/23,LIGHT,NP,0.380327116,0.343990589,0.04,4.14,0.86,2.16,6/14/23,4,28.219,8.002864299,NA,2381.965281,NA,NA,NA,2378.482368
18,8.09,Cabral_Col10_Dil4_Dark,0.05,Cabral,36.6,6/12/23,DARK,R,0.323212518,0.353630492,0.04,4.14,0.86,2.16,6/14/23,4,28.219,8.002864299,NA,2381.965281,NA,NA,NA,2378.482368
18,8.09,Cabral_Col10_Dil4_Light,0.05,Cabral,36.6,6/12/23,LIGHT,GP,0.703539634,0.697621081,0.04,4.14,0.86,2.16,6/14/23,4,28.219,8.002864299,NA,2381.965281,NA,NA,NA,2378.482368
18,8.09,Cabral_Col10_Dil4_Light,0.05,Cabral,36.6,6/12/23,Light,C,0.096196003,NA,0.04,4.14,0.86,2.16,6/14/23,4,28.219,8.002864299,36.6,2381.965281,36.6,Cabral_Col10_Dil4_Dark,0.05,2378.482368
18,8.1,Cabral_Col10_Dil5_Light,0.1,Cabral,36.4,6/12/23,LIGHT,NP,0.523334844,0.490810731,0.04,3.67,0.51,12.78,6/14/23,5,28.251,8.007015023,NA,2391.804065,NA,NA,NA,2387.15343
18,8.1,Cabral_Col10_Dil5_Dark,0.1,Cabral,36.4,6/12/23,DARK,R,0.325744627,0.35137802,0.04,3.67,0.51,12.78,6/14/23,5,28.251,8.007015023,NA,2391.804065,NA,NA,NA,2387.15343
18,8.1,Cabral_Col10_Dil5_Light,0.1,Cabral,36.4,6/12/23,LIGHT,GP,0.849079471,0.842188751,0.04,3.67,0.51,12.78,6/14/23,5,28.251,8.007015023,NA,2391.804065,NA,NA,NA,2387.15343
18,8.1,Cabral_Col10_Dil5_Light,0.1,Cabral,36.4,6/12/23,Light,C,0.093349165,NA,0.04,3.67,0.51,12.78,6/14/23,5,28.251,8.007015023,36.4,2391.804065,36.4,Cabral_Col10_Dil5_Dark,0.1,2387.15343
18,8.07,Cabral_Col10_Dil6_Light,0.5,Cabral,36.3,6/12/23,LIGHT,NP,0.318741514,0.305189097,0.04,6.04,0.37,2.01,6/14/23,6,28.313,7.977503903,NA,2367.783342,NA,NA,NA,2370.703949
18,8.07,Cabral_Col10_Dil6_Dark,0.5,Cabral,36.3,6/12/23,DARK,R,0.273780001,0.279731213,0.04,6.04,0.37,2.01,6/14/23,6,28.313,7.977503903,NA,2367.783342,NA,NA,NA,2370.703949
18,8.07,Cabral_Col10_Dil6_Light,0.5,Cabral,36.3,6/12/23,LIGHT,GP,0.592521515,0.584920309,0.04,6.04,0.37,2.01,6/14/23,6,28.313,7.977503903,NA,2367.783342,NA,NA,NA,2370.703949
18,8.07,Cabral_Col10_Dil6_Light,0.5,Cabral,36.3,6/12/23,Light,C,0.026846512,NA,0.04,6.04,0.37,2.01,6/14/23,6,28.313,7.977503903,36.3,2367.783342,36.3,Cabral_Col10_Dil6_Dark,0.5,2370.703949
18,8.08,Cabral_Col10_Dil7_Light,1,Cabral,36.1,6/12/23,LIGHT,NP,0.31504016,0.287226196,0.06,9.83,0.31,0.96,6/14/23,7,28.899,7.982119028,NA,2394.8548,NA,NA,NA,2386.611317
18,8.08,Cabral_Col10_Dil7_Dark,1,Cabral,36.1,6/12/23,DARK,R,0.186281764,0.216168107,0.06,9.83,0.31,0.96,6/14/23,7,28.899,7.982119028,NA,2394.8548,NA,NA,NA,2386.611317
18,8.08,Cabral_Col10_Dil7_Light,1,Cabral,36.1,6/12/23,LIGHT,GP,0.501321925,0.503394303,0.06,9.83,0.31,0.96,6/14/23,7,28.899,7.982119028,NA,2394.8548,NA,NA,NA,2386.611317
18,8.08,Cabral_Col10_Dil7_Light,1,Cabral,36.1,6/12/23,Light,C,0.141799732,NA,0.06,9.83,0.31,0.96,6/14/23,7,28.899,7.982119028,36.1,2394.8548,36.1,Cabral_Col10_Dil7_Dark,1,2386.611317
18,8.08,Cabral_Col10_Dil8_Light,2,Cabral,35.8,6/12/23,LIGHT,NP,0.381543243,0.358705665,0.04,15.57,0.24,2.42,6/14/23,8,28.199,7.991501772,NA,2393.560792,NA,NA,NA,2368.313481
18,8.08,Cabral_Col10_Dil8_Dark,2,Cabral,35.8,6/12/23,DARK,R,0.328103793,0.339128425,0.04,15.57,0.24,2.42,6/14/23,8,28.199,7.991501772,NA,2393.560792,NA,NA,NA,2368.313481
18,8.08,Cabral_Col10_Dil8_Light,2,Cabral,35.8,6/12/23,LIGHT,GP,0.709647036,0.697834091,0.04,15.57,0.24,2.42,6/14/23,8,28.199,7.991501772,NA,2393.560792,NA,NA,NA,2368.313481
18,8.08,Cabral_Col10_Dil8_Light,2,Cabral,35.8,6/12/23,Light,C,-0.039136977,NA,0.04,15.57,0.24,2.42,6/14/23,8,28.199,7.991501772,35.8,2393.560792,35.8,Cabral_Col10_Dil8_Dark,2,2368.313481
18,8.1,Cabral_Col10_Dil9_Light,4,Cabral,35.1,6/12/23,LIGHT,NP,0.401688225,0.373088242,0.07,25.7,0.32,1.99,6/14/23,9,28.389,8.004134508,NA,2381.338346,NA,NA,NA,2377.671921
18,8.1,Cabral_Col10_Dil9_Dark,4,Cabral,35.1,6/12/23,DARK,R,0.280620953,0.292737278,0.07,25.7,0.32,1.99,6/14/23,9,28.389,8.004134508,NA,2381.338346,NA,NA,NA,2377.671921
18,8.1,Cabral_Col10_Dil9_Light,4,Cabral,35.1,6/12/23,LIGHT,GP,0.682309178,0.66582552,0.07,25.7,0.32,1.99,6/14/23,9,28.389,8.004134508,NA,2381.338346,NA,NA,NA,2377.671921
18,8.1,Cabral_Col10_Dil9_Light,4,Cabral,35.1,6/12/23,Light,C,0.066091182,NA,0.07,25.7,0.32,1.99,6/14/23,9,28.389,8.004134508,35.1,2381.338346,35.1,Cabral_Col10_Dil9_Dark,4,2377.671921