date,temp_C,salinity_insitu,sample_ID,SGD_number,TA,site,new_colonynumber,salinity_insitu_initial,sample_ID_initial,SGD_number_initial,TA_initial,mean_blanks,SA_cm2,volume_mL,SGD_dil,start_time,stop_time,light_dark,deltaTA,timediff,P_R,umol.cm2.hr
6/22/23,27.611,35.2,Varari_Col8_Dil9_Light,4,2522.572069,Varari,8,35.2,Varari_Col8_Dil9_Dark,4,2469.40063,-80.2268409999997,85.45833,12,9,16:15:00,17:22:00,LIGHT,27.055401999999958,4020,C,0.09270231627944428
6/22/23,27.54,36,Varari_Col8_Dil8_Light,2,2494.173175,Varari,8,36,Varari_Col8_Dil8_Dark,2,2412.850508,-78.89622300000019,114.04687,12,8,16:15:00,17:22:00,LIGHT,-2.4264439999997194,4020,C,-0.006229854420588644
6/22/23,27.83,36,Varari_Col8_Dil7_Light,1,2439.18948,Varari,8,36,Varari_Col8_Dil7_Dark,1,2390.881687,-53.563264999999774,0,10,7,16:15:00,17:22:00,LIGHT,5.255471999999827,4020,C,Inf
6/22/23,27.767,36.3,Varari_Col8_Dil6_Light,0.5,2458.306838,Varari,8,36.3,Varari_Col8_Dil6_Dark,0.5,2379.650785,-62.067279000000326,238.71354,12,6,16:15:00,17:22:00,LIGHT,-16.58877399999983,4020,C,-0.020348304756728764
6/22/23,27.629,36.5,Varari_Col8_Dil5_Light,0.1,2391.63833,Varari,8,36.5,Varari_Col8_Dil5_Dark,0.1,2354.608921,-57.987157000000025,82.60937,9,5,16:15:00,17:22:00,LIGHT,20.95774799999981,4020,C,0.07463519138524023
6/22/23,27.717,36.4,Varari_Col8_Dil4_Light,0.05,2427.480024,Varari,8,36.4,Varari_Col8_Dil4_Dark,0.05,2344.51916,-86.05210100000022,111.09896,12,4,16:15:00,17:22:00,LIGHT,3.091237000000092,4020,C,0.008147292447014187
6/22/23,28.492,36.4,Varari_Col8_Dil3_Light,0.03,2473.699538,Varari,8,36.4,Varari_Col8_Dil3_Dark,0.03,2359.780882,-84.92058799999995,163.99479,14,3,16:15:00,17:22:00,LIGHT,-28.998067999999876,4020,C,-0.05161387265476203
6/22/23,27.7,36.4,Varari_Col8_Dil2_Light,0.01,2462.292011,Varari,8,36.4,Varari_Col8_Dil2_Dark,0.01,2376.059851,-74.62975499999993,113.25521,12,2,16:15:00,17:22:00,LIGHT,-11.60240500000009,4020,C,-0.029997207520974258
6/22/23,28.503,36.4,Varari_Col8_Dil1_Light,0,2418.529218,Varari,8,36.4,Varari_Col8_Dil1_Dark,0,2368.214155,-63.03041799999983,101.45313,12,1,16:15:00,17:22:00,LIGHT,12.715354999999818,4020,C,0.03669898353334259
6/22/23,27.611,35.2,Varari_Col7_Dil9_Light,4,2454.87643,Varari,7,35.2,Varari_Col7_Dil9_Dark,4,2469.40063,-80.2268409999997,113.77604,12,9,06:20:00,07:25:00,LIGHT,94.75104099999999,3900,C,0.251353894337372
6/22/23,27.54,36,Varari_Col7_Dil8_Light,2,2457.893535,Varari,7,36,Varari_Col7_Dil8_Dark,2,2412.850508,-78.89622300000019,103.375,13,8,06:20:00,07:25:00,LIGHT,33.853196000000025,3900,C,0.0986859551593713
6/22/23,27.83,36,Varari_Col7_Dil7_Light,1,2363.930584,Varari,7,36,Varari_Col7_Dil7_Dark,1,2390.881687,-53.563264999999774,67.78125,8,7,06:20:00,07:25:00,LIGHT,80.51436799999965,3900,C,0.3607701575905506
6/22/23,27.767,36.3,Varari_Col7_Dil6_Light,0.5,2379.486858,Varari,7,36.3,Varari_Col7_Dil6_Dark,0.5,2379.650785,-62.067279000000326,64.10417,10,6,06:20:00,07:25:00,LIGHT,62.23120599999993,3900,C,0.2939230688184796
6/22/23,27.629,36.5,Varari_Col7_Dil5_Light,0.1,2338.179983,Varari,7,36.5,Varari_Col7_Dil5_Dark,0.1,2354.608921,-57.987157000000025,74.61979,10,5,06:20:00,07:25:00,LIGHT,74.41609500000004,3900,C,0.3019427398549368
6/22/23,27.717,36.4,Varari_Col7_Dil4_Light,0.05,2338.340876,Varari,7,36.4,Varari_Col7_Dil4_Dark,0.05,2344.51916,-86.05210100000022,110.28646,10,4,06:20:00,07:25:00,LIGHT,92.23038499999984,3900,C,0.253199918829564
6/22/23,28.492,36.4,Varari_Col7_Dil3_Light,0.03,2360.117012,Varari,7,36.4,Varari_Col7_Dil3_Dark,0.03,2359.780882,-84.92058799999995,116.26042,12,3,06:20:00,07:25:00,LIGHT,84.58445799999981,3900,C,0.21958927529619032
6/22/23,27.7,36.4,Varari_Col7_Dil2_Light,0.01,2355.112621,Varari,7,36.4,Varari_Col7_Dil2_Dark,0.01,2376.059851,-74.62975499999993,99.54687,12,2,06:20:00,07:25:00,LIGHT,95.5769849999997,3900,C,0.289786506554457
6/22/23,28.503,36.4,Varari_Col7_Dil1_Light,0,2367.213829,Varari,7,36.4,Varari_Col7_Dil1_Dark,0,2368.214155,-63.03041799999983,74.4375,9,1,06:20:00,07:25:00,LIGHT,64.03074400000014,3900,C,0.2608474300428605
6/21/23,29.067,35,Varari_Col6_Dil9_Light,4,2474.818821,Varari,6,35,Varari_Col6_Dil9_Dark,4,2473.296673,-23.866073000000142,99.94792,2,9,10:15:00,11:27:00,LIGHT,22.343925000000127,4320,C,0.06186903383031918
6/21/23,28.909,35.9,Varari_Col6_Dil8_Light,2,2446.688983,Varari,6,35.9,Varari_Col6_Dil8_Dark,2,2429.451371,-49.14564799999971,64.18229,10,8,10:15:00,11:27:00,LIGHT,31.90803599999981,4320,C,0.13588685975523698
6/21/23,29.13,36,Varari_Col6_Dil7_Light,1,2420.40668,Varari,6,36,Varari_Col6_Dil7_Dark,1,2407.472045,-54.04725099999996,48.27604,14,7,10:15:00,11:27:00,LIGHT,41.11261599999989,4320,C,0.23132001549837078
6/21/23,29.155,36.2,Varari_Col6_Dil6_Light,0.5,2398.136344,Varari,6,36.2,Varari_Col6_Dil6_Dark,0.5,2391.440484,-29.410157999999683,67.83333,11,6,10:15:00,11:27:00,LIGHT,22.71429799999987,4320,C,0.09138389473968718
6/21/23,29.156,36.3,Varari_Col6_Dil5_Light,0.1,2391.770222,Varari,6,36.3,Varari_Col6_Dil5_Dark,0.1,2388.441818,-34.51209200000039,107.05208,12,5,10:15:00,11:27:00,LIGHT,31.183688000000075,4320,C,0.07937169758713097
6/21/23,29.11,36.3,Varari_Col6_Dil4_Light,0.05,2377.799281,Varari,6,36.3,Varari_Col6_Dil4_Dark,0.05,2364.629086,-51.518535000000156,56.29167,9,4,10:15:00,11:27:00,LIGHT,38.34834000000001,4320,C,0.186497532172611
6/21/23,29.115,36.3,Varari_Col6_Dil3_Light,0.03,2370.446021,Varari,6,36.3,Varari_Col6_Dil3_Dark,0.03,2367.39884,-36.44253300000037,66.79688,6,3,10:15:00,11:27:00,LIGHT,33.395352,4320,C,0.13750811823845668
6/21/23,29.187,36.4,Varari_Col6_Dil2_Light,0.01,2398.740895,Varari,6,36.4,Varari_Col6_Dil2_Dark,0.01,2384.387201,-36.0391410000002,51.95312,6,2,10:15:00,11:27:00,LIGHT,21.685447000000295,4320,C,0.11480352835963938
6/21/23,29.092,36.4,Varari_Col6_Dil1_Light,0,2405.806718,Varari,6,36.4,Varari_Col6_Dil1_Dark,0,2377.32016,-57.911679999999706,72.28646,10,1,10:15:00,11:27:00,LIGHT,29.4251220000001,4320,C,0.11126380625085287
6/21/23,29.067,35,Varari_Col5_Dil9_Light,4,2467.036635,Varari,5,35,Varari_Col5_Dil9_Dark,4,2473.296673,-23.866073000000142,72.02083,7,9,07:38:00,08:42:00,LIGHT,30.126111000000037,3840,C,0.12922932292204356
6/21/23,28.909,35.9,Varari_Col5_Dil8_Light,2,2435.293737,Varari,5,35.9,Varari_Col5_Dil8_Dark,2,2429.451371,-49.14564799999971,96.80208,11,8,07:38:00,08:42:00,LIGHT,43.303281999999854,3840,C,0.13734160816819757
6/21/23,29.13,36,Varari_Col5_Dil7_Light,1,2405.270071,Varari,5,36,Varari_Col5_Dil7_Dark,1,2407.472045,-54.04725099999996,110.69271,12,7,07:38:00,08:42:00,LIGHT,56.249225000000024,3840,C,0.15576983071289488
6/21/23,29.155,36.2,Varari_Col5_Dil6_Light,0.5,2397.04368,Varari,5,36.2,Varari_Col5_Dil6_Dark,0.5,2391.440484,-29.410157999999683,126.63021,13,6,07:38:00,08:42:00,LIGHT,23.806961999999658,3840,C,0.05754018185059932
6/21/23,29.156,36.3,Varari_Col5_Dil5_Light,0.1,2390.421068,Varari,5,36.3,Varari_Col5_Dil5_Dark,0.1,2388.441818,-34.51209200000039,73.73437,10,5,07:38:00,08:42:00,LIGHT,32.53284200000007,3840,C,0.13567416274120223
6/21/23,29.11,36.3,Varari_Col5_Dil4_Light,0.05,2381.933793,Varari,5,36.3,Varari_Col5_Dil4_Dark,0.05,2364.629086,-51.518535000000156,70.35938,10,4,07:38:00,08:42:00,LIGHT,34.21382799999992,3840,C,0.14952877796819664
6/21/23,29.115,36.3,Varari_Col5_Dil3_Light,0.03,2375.090281,Varari,5,36.3,Varari_Col5_Dil3_Dark,0.03,2367.39884,-36.44253300000037,69.38021,9,3,07:38:00,08:42:00,LIGHT,28.751092000000426,3840,C,0.12762680872880763
6/21/23,29.187,36.4,Varari_Col5_Dil2_Light,0.01,2388.411553,Varari,5,36.4,Varari_Col5_Dil2_Dark,0.01,2384.387201,-36.0391410000002,61.73437,11,2,07:38:00,08:42:00,LIGHT,32.01478900000029,3840,C,0.1592170700348565
6/21/23,29.092,36.4,Varari_Col5_Dil1_Light,0,2374.363769,Varari,5,36.4,Varari_Col5_Dil1_Dark,0,2377.32016,-57.911679999999706,53.38021,5,NA,NA,NA,NA,60.86807099999987,NA,NA,NA
6/18/23,28.826,35.3,Varari_Col4_Dil9_Light,4,2681.361697,Varari,4,35.3,Varari_Col4_Dil9_Dark,4,2484.55214,-28.393171000000166,123.58333,11,9,10:32:00,11:35:00,LIGHT,-168.41638599999987,3780,C,-0.42504007473511385
6/18/23,28.741,36,Varari_Col4_Dil8_Light,2,2440.306591,Varari,4,36,Varari_Col4_Dil8_Dark,2,2434.37846,-13.495836000000054,82.91146,10,8,10:32:00,11:35:00,LIGHT,7.567704999999933,3780,C,0.02851242633090859
6/18/23,28.788,36.1,Varari_Col4_Dil7_Light,1,2386.651362,Varari,4,36.1,Varari_Col4_Dil7_Dark,1,2395.06591,-4.699808000000303,72.91146,5,7,10:32:00,11:35:00,LIGHT,13.114356000000043,3780,C,0.0566259445458135
6/18/23,28.782,36.5,Varari_Col4_Dil6_Light,0.5,2389.74034,Varari,4,36.5,Varari_Col4_Dil6_Dark,0.5,2383.81035,-23.228939999999966,91.09896,5,6,10:32:00,11:35:00,LIGHT,17.298950000000332,3780,C,0.05978202332700415
6/18/23,28.728,36.6,Varari_Col4_Dil5_Light,0.1,2385.940605,Varari,4,36.6,Varari_Col4_Dil5_Dark,0.1,2381.8341,-17.928256000000147,72.05729,5,5,10:32:00,11:35:00,LIGHT,13.821751000000404,3780,C,0.060387830227568905
6/18/23,28.809,36.5,Varari_Col4_Dil4_Light,0.05,2367.51833,Varari,4,36.5,Varari_Col4_Dil4_Dark,0.05,2373.20997,-28.839664000000084,0,12,4,10:32:00,11:35:00,LIGHT,34.53130400000009,3780,C,Inf
6/18/23,28.724,36.7,Varari_Col4_Dil3_Light,0.03,2380.394282,Varari,4,36.7,Varari_Col4_Dil3_Dark,0.03,2378.42618,-31.703673999999864,126.47917,12,3,10:32:00,11:35:00,LIGHT,29.735571999999593,3780,C,0.07321204526217066
6/18/23,28.644,36.7,Varari_Col4_Dil2_Light,0.01,2382.785971,Varari,4,36.7,Varari_Col4_Dil2_Dark,0.01,2378.83987,-16.335149,156.07813,13,2,10:32:00,11:35:00,LIGHT,12.389048000000003,3780,C,0.024679700527763464
6/18/23,28.695,36.4,Varari_Col4_Dil1_Light,0,2394.6567,Varari,4,36.4,Varari_Col4_Dil1_Dark,0,2388.02795,-18.42715999999973,100.39062,10,1,10:32:00,11:35:00,LIGHT,11.798409999999876,3780,C,0.036712578848311854
6/17/23,27.887,35.9,Varari_Col3_Dil9_Light,4,2681.361697,Varari,3,35.9,Varari_Col3_Dil9_Dark,4,2580.241802,-40.028487999999925,90.26563,11,9,16:35:00,17:47:00,LIGHT,-61.09140699999989,4320,C,-0.18470182716936356
6/17/23,27.793,36.6,Varari_Col3_Dil8_Light,2,2537.164029,Varari,3,36.6,Varari_Col3_Dil8_Dark,2,2472.535253,-52.85436699999991,95.64062,11,8,16:35:00,17:47:00,LIGHT,-11.774409000000105,4320,C,-0.03359775173097245
6/17/23,27.829,37,Varari_Col3_Dil7_Light,1,2513.660708,Varari,3,37,Varari_Col3_Dil7_Dark,1,2461.829614,-40.95109999999977,56.53646,11,7,16:35:00,17:47:00,LIGHT,-10.879993999999897,4320,C,-0.052518646596593985
6/17/23,27.818,37.1,Varari_Col3_Dil6_Light,0.5,2509.361504,Varari,3,37.1,Varari_Col3_Dil6_Dark,0.5,2447.2949,-44.90942500000028,46.25521,3,6,16:35:00,17:47:00,LIGHT,-17.157178999999815,4320,C,-0.10249487015737323
6/17/23,27.816,37.3,Varari_Col3_Dil5_Light,0.1,2502.807205,Varari,3,37.3,Varari_Col3_Dil5_Dark,0.1,2441.384493,-34.518273000000136,95.69271,10,5,16:35:00,17:47:00,LIGHT,-26.90443899999991,4320,C,-0.07684890513951698
6/17/23,27.795,37.3,Varari_Col3_Dil4_Light,0.05,2469.675977,Varari,3,37.3,Varari_Col3_Dil4_Dark,0.05,2427.532743,-34.16104399999995,96.69271,11,4,16:35:00,17:47:00,LIGHT,-7.982189999999719,4320,C,-0.02252899458177791
6/17/23,27.81,37.4,Varari_Col3_Dil3_Light,0.03,2542.368009,Varari,3,37.4,Varari_Col3_Dil3_Dark,0.03,2470.63337,-38.02157299999999,61.47396,15,3,16:35:00,17:47:00,LIGHT,-33.7130659999998,4320,C,-0.14872823002854832
6/17/23,27.764,37.4,Varari_Col3_Dil2_Light,0.01,2518.479657,Varari,3,37.4,Varari_Col3_Dil2_Dark,0.01,2437.499547,-42.79384900000014,132.0625,11,2,16:35:00,17:47:00,LIGHT,-38.18626099999983,4320,C,-0.07891164631164185
6/17/23,27.714,37.3,Varari_Col3_Dil1_Light,0,2513.591198,Varari,3,37.3,Varari_Col3_Dil1_Dark,0,2440.699175,-146.2154569999998,88.76563,10,1,16:35:00,17:47:00,LIGHT,73.3234339999999,4320,C,0.2257826438754126
6/17/23,27.887,35.9,Varari_Col2_Dil9_Light,4,2639.130211,Varari,2,35.9,Varari_Col2_Dil9_Dark,4,2580.241802,-40.028487999999925,60.25521,5,9,11:03:00,12:06:00,LIGHT,-18.859921000000213,3780,C,-0.09853931754555918
6/17/23,27.793,36.6,Varari_Col2_Dil8_Light,2,2498.71768,Varari,2,36.6,Varari_Col2_Dil8_Dark,2,2472.535253,-52.85436699999991,88.28125,11,8,11:03:00,12:06:00,LIGHT,26.671939999999722,3780,C,0.09423051409152873
6/17/23,27.829,37,Varari_Col2_Dil7_Light,1,2483.040044,Varari,2,37,Varari_Col2_Dil7_Dark,1,2461.829614,-40.95109999999977,33.97396,2,7,11:03:00,12:06:00,LIGHT,19.740670000000136,3780,C,0.18377875029665705
6/17/23,27.818,37.1,Varari_Col2_Dil6_Light,0.5,2472.193149,Varari,2,37.1,Varari_Col2_Dil6_Dark,0.5,2447.2949,-44.90942500000028,90.94271,12,6,11:03:00,12:06:00,LIGHT,20.011175999999978,3780,C,0.06852199035760291
6/17/23,27.816,37.3,Varari_Col2_Dil5_Light,0.1,2460.231538,Varari,2,37.3,Varari_Col2_Dil5_Dark,0.1,2441.384493,-34.518273000000136,51.08854,10,5,11:03:00,12:06:00,LIGHT,15.671228000000156,3780,C,0.09582174647424052
6/17/23,27.795,37.3,Varari_Col2_Dil4_Light,0.05,2439.017346,Varari,2,37.3,Varari_Col2_Dil4_Dark,0.05,2427.532743,-34.16104399999995,80.22917,11,4,11:03:00,12:06:00,LIGHT,22.676441000000068,3780,C,0.08815521802508303
6/17/23,27.81,37.4,Varari_Col2_Dil3_Light,0.03,2500.803311,Varari,2,37.4,Varari_Col2_Dil3_Dark,0.03,2470.63337,-38.02157299999999,56.57813,9,3,11:03:00,12:06:00,LIGHT,7.851631999999881,3780,C,0.04341841319420067
6/17/23,27.764,37.4,Varari_Col2_Dil2_Light,0.01,2456.904693,Varari,2,37.4,Varari_Col2_Dil2_Dark,0.01,2437.499547,-42.79384900000014,64.28646,4,2,11:03:00,12:06:00,LIGHT,23.388703000000078,3780,C,0.11471592626895935
6/17/23,27.714,37.3,Varari_Col2_Dil1_Light,0,2482.526374,Varari,2,37.3,Varari_Col2_Dil1_Dark,0,2440.699175,-146.2154569999998,56.19271,4,1,11:03:00,12:06:00,LIGHT,104.38825799999995,3780,C,0.585745231388301
6/17/23,27.887,35.9,Varari_Col1_Dil9_Light,4,2612.424652,Varari,1,35.9,Varari_Col1_Dil9_Dark,4,2580.241802,-40.028487999999925,80.58854,8,9,08:11:00,09:29:00,LIGHT,7.845637999999781,4680,C,0.02463998978352474
6/17/23,27.793,36.6,Varari_Col1_Dil8_Light,2,2483.262838,Varari,1,36.6,Varari_Col1_Dil8_Dark,2,2472.535253,-52.85436699999991,56.14063,11,8,08:11:00,09:29:00,LIGHT,42.12678199999982,4680,C,0.18903071584868406
6/17/23,27.829,37,Varari_Col1_Dil7_Light,1,2514.647364,Varari,1,37,Varari_Col1_Dil7_Dark,1,2461.829614,-40.95109999999977,120.33854,11,7,08:11:00,09:29:00,LIGHT,-11.866649999999936,4680,C,-0.024841325799410303
6/17/23,27.818,37.1,Varari_Col1_Dil6_Light,0.5,2443.270645,Varari,1,37.1,Varari_Col1_Dil6_Dark,0.5,2447.2949,-44.90942500000028,68.07812,9,6,08:11:00,09:29:00,LIGHT,48.933680000000095,4680,C,0.1816389030606426
6/17/23,27.816,37.3,Varari_Col1_Dil5_Light,0.1,2430.789996,Varari,1,37.3,Varari_Col1_Dil5_Dark,0.1,2441.384493,-34.518273000000136,81.38542,11,5,08:11:00,09:29:00,LIGHT,45.11277000000018,4680,C,0.13963820608517483
6/17/23,27.795,37.3,Varari_Col1_Dil4_Light,0.05,2426.240287,Varari,1,37.3,Varari_Col1_Dil4_Dark,0.05,2427.532743,-34.16104399999995,92.44792,12,4,08:11:00,09:29:00,LIGHT,35.453500000000076,4680,C,0.09645687050695075
6/17/23,27.81,37.4,Varari_Col1_Dil3_Light,0.03,2492.936803,Varari,1,37.4,Varari_Col1_Dil3_Dark,0.03,2470.63337,-38.02157299999999,98.76563,11,3,08:11:00,09:29:00,LIGHT,15.718139999999948,4680,C,0.040090981613200266
6/17/23,27.764,37.4,Varari_Col1_Dil2_Light,0.01,2449.282369,Varari,1,37.4,Varari_Col1_Dil2_Dark,0.01,2437.499547,-42.79384900000014,71.65104,10,2,08:11:00,09:29:00,LIGHT,31.011027000000013,4680,C,0.10920037808888107
6/17/23,27.714,37.3,Varari_Col1_Dil1_Light,0,2438.26195,Varari,1,37.3,Varari_Col1_Dil1_Dark,0,2440.699175,-146.2154569999998,55.1875,9,1,08:11:00,09:29:00,LIGHT,148.6526819999999,4680,C,0.6806762149389315
6/12/23,28.389,35.1,Cabral_Col9_Dil9_Light,4,2376.244383,Cabral,17,35.1,Cabral_Col9_Dil9_Dark,4,2377.671921,-20.3328919999999,75.96354,5,9,07:52:00,08:49:00,LIGHT,21.760429999999815,3420,C,0.09967637995356496
6/12/23,28.199,35.8,Cabral_Col9_Dil8_Light,2,2368.758982,Cabral,17,35.8,Cabral_Col9_Dil8_Dark,2,2368.313481,-14.458845999999994,95.55729,12,8,07:52:00,08:49:00,LIGHT,14.0133450000003,3420,C,0.05047414054603263
6/12/23,28.899,36.1,Cabral_Col9_Dil7_Light,1,2379.484557,Cabral,17,36.1,Cabral_Col9_Dil7_Dark,1,2386.611317,-64.01021200000014,61.42187,9,7,07:52:00,08:49:00,LIGHT,71.13697199999979,3420,C,0.40049826096401525
6/12/23,28.313,36.3,Cabral_Col9_Dil6_Light,0.5,2351.136681,Cabral,17,36.3,Cabral_Col9_Dil6_Dark,0.5,2370.703949,-7.738678999999593,115.58854,11,6,07:52:00,08:49:00,LIGHT,27.305946999999833,3420,C,0.08143546627284427
6/12/23,28.251,36.4,Cabral_Col9_Dil5_Light,0.1,2405.42999,Cabral,17,36.4,Cabral_Col9_Dil5_Dark,0.1,2387.15343,-30.757634999999937,102.99479,10,5,07:52:00,08:49:00,LIGHT,12.481074999999691,3420,C,0.041839547111275695
6/12/23,28.219,36.6,Cabral_Col9_Dil4_Light,0.05,2363.771572,Cabral,17,36.6,Cabral_Col9_Dil4_Dark,0.05,2378.482368,-33.207852,52.65104,2,4,07:52:00,08:49:00,LIGHT,47.91864799999985,3420,C,0.3181580179072975
6/12/23,28.395,36.4,Cabral_Col9_Dil3_Light,0.03,2363.234435,Cabral,17,36.4,Cabral_Col9_Dil3_Dark,0.03,2378.494426,-76.21294999999964,108.20833,10,3,07:52:00,08:49:00,LIGHT,91.47294099999999,3420,C,0.29186511307936214
6/12/23,27.982,36.6,Cabral_Col9_Dil2_Light,0.01,2363.486669,Cabral,17,36.6,Cabral_Col9_Dil2_Dark,0.01,2437.47068,22.217450999999983,59.51042,16,2,07:52:00,08:49:00,LIGHT,51.76656000000003,3420,C,0.29751975868923025
6/12/23,28.172,36.3,Cabral_Col9_Dil1_Light,0,2358.205389,Cabral,17,36.3,Cabral_Col9_Dil1_Dark,0,2366.430138,-24.35887099999991,96.14063,10,1,07:52:00,08:49:00,LIGHT,32.58361999999988,3420,C,0.11701528830050378
6/11/23,27.734,35.1,Cabral_Col8_Dil9_Light,4,2410.307212,Cabral,16,35.1,Cabral_Col8_Dil9_Dark,4,2380.96903,-15.525101999999606,61.42708,8,9,10:58:00,12:03:00,LIGHT,-13.813080000000355,3900,C,-0.06829634267041808
6/11/23,27.452,35.9,Cabral_Col8_Dil8_Light,2,2382.143503,Cabral,16,35.9,Cabral_Col8_Dil8_Dark,2,2378.953672,-24.06356599999981,135.30208,14,8,10:58:00,12:03:00,LIGHT,20.873735000000124,3900,C,0.046417802002179966
6/11/23,27.602,36.2,Cabral_Col8_Dil7_Light,1,2414.232623,Cabral,16,36.2,Cabral_Col8_Dil7_Dark,1,2416.039082,-44.30415200000016,92.48438,13,7,10:58:00,12:03:00,LIGHT,46.11061100000006,3900,C,0.15024626455678267
6/11/23,27.685,36.3,Cabral_Col8_Dil6_Light,0.5,2387.583749,Cabral,16,36.3,Cabral_Col8_Dil6_Dark,0.5,2369.619428,-44.93645400000014,63.46354,8,6,10:58:00,12:03:00,LIGHT,26.972133000000213,3900,C,0.12907965341978042
6/11/23,27.779,36.5,Cabral_Col8_Dil5_Light,0.1,2401.438151,Cabral,16,36.5,Cabral_Col8_Dil5_Dark,0.1,2379.793461,-39.9141539999996,98.33333,12,5,10:58:00,12:03:00,LIGHT,18.26946399999997,3900,C,0.05607606127256522
6/11/23,27.788,36.5,Cabral_Col8_Dil4_Light,0.05,2371.355603,Cabral,16,36.5,Cabral_Col8_Dil4_Dark,0.05,2372.216347,-19.01528300000018,132.83854,14,4,10:58:00,12:03:00,LIGHT,19.87602700000025,3900,C,0.04501884653921913
6/11/23,27.68,36.5,Cabral_Col8_Dil3_Light,0.03,2397.745495,Cabral,16,36.5,Cabral_Col8_Dil3_Dark,0.03,2377.767651,-32.084550000000036,94.59375,11,3,10:58:00,12:03:00,LIGHT,12.106706000000031,3900,C,0.03868977241674173
6/11/23,27.345,36.6,Cabral_Col8_Dil2_Light,0.01,2378.883991,Cabral,16,36.6,Cabral_Col8_Dil2_Dark,0.01,2381.684085,-25.29211400000031,110.98438,13,2,10:58:00,12:03:00,LIGHT,28.092208000000028,3900,C,0.07627728226981137
6/11/23,27.436,36.5,Cabral_Col8_Dil1_Light,0,2387.010951,Cabral,16,36.5,Cabral_Col8_Dil1_Dark,0,2382.096706,-56.11255200000005,97.17708,12,1,10:58:00,12:03:00,LIGHT,51.19830699999966,3900,C,0.15901723484583197
6/11/23,27.734,35.1,Cabral_Col7_Dil9_Light,4,2381.336345,Cabral,15,35.1,Cabral_Col7_Dil9_Dark,4,2380.96903,-15.525101999999606,90.65625,12,9,08:15:00,09:14:00,LIGHT,15.157786999999644,3540,C,0.05559706130734448
6/11/23,27.452,35.9,Cabral_Col7_Dil8_Light,2,2374.238719,Cabral,15,35.9,Cabral_Col7_Dil8_Dark,2,2378.953672,-24.06356599999981,0,14,8,08:15:00,09:14:00,LIGHT,28.77851899999996,3540,C,Inf
6/11/23,27.602,36.2,Cabral_Col7_Dil7_Light,1,2436.457464,Cabral,15,36.2,Cabral_Col7_Dil7_Dark,1,2416.039082,-44.30415200000016,72.11458,10,7,08:15:00,09:14:00,LIGHT,23.885769999999866,3540,C,0.1104814206427824
6/11/23,27.685,36.3,Cabral_Col7_Dil6_Light,0.5,2370.480641,Cabral,15,36.3,Cabral_Col7_Dil6_Dark,0.5,2369.619428,-44.93645400000014,58.54167,10,6,08:15:00,09:14:00,LIGHT,44.075241000000005,3540,C,0.25113235591742905
6/11/23,27.779,36.5,Cabral_Col7_Dil5_Light,0.1,2386.033331,Cabral,15,36.5,Cabral_Col7_Dil5_Dark,0.1,2379.793461,-39.9141539999996,115.66667,14,5,08:15:00,09:14:00,LIGHT,33.674283999999716,3540,C,0.09650289941030982
6/11/23,27.788,36.5,Cabral_Col7_Dil4_Light,0.05,2364.631864,Cabral,15,36.5,Cabral_Col7_Dil4_Dark,0.05,2372.216347,-19.01528300000018,92.86458,13,4,08:15:00,09:14:00,LIGHT,26.599766000000272,3540,C,0.09509556389666769
6/11/23,27.68,36.5,Cabral_Col7_Dil3_Light,0.03,2395.493573,Cabral,15,36.5,Cabral_Col7_Dil3_Dark,0.03,2377.767651,-32.084550000000036,75.89583,11,3,08:15:00,09:14:00,LIGHT,14.358627999999953,3540,C,0.06300702817001401
6/11/23,27.345,36.6,Cabral_Col7_Dil2_Light,0.01,2372.372145,Cabral,15,36.6,Cabral_Col7_Dil2_Dark,0.01,2381.684085,-25.29211400000031,70.66146,8,2,08:15:00,09:14:00,LIGHT,34.60405400000036,3540,C,0.16385983419163858
6/11/23,27.436,36.5,Cabral_Col7_Dil1_Light,0,2371.581242,Cabral,15,36.5,Cabral_Col7_Dil1_Dark,0,2382.096706,-56.11255200000005,65.53125,10,1,08:15:00,09:14:00,LIGHT,66.62801599999966,3540,C,0.33914194900026495
6/10/23,27.163,35.2,Cabral_Col6_Dil9_Light,4,2381.689204,Cabral,14,35.2,Cabral_Col6_Dil9_Dark,4,2410.363767,15.35761999999977,75.5625,14,9,11:00:00,11:57:00,LIGHT,13.316943000000265,3420,C,0.060467999768056585
6/10/23,26.909,35.9,Cabral_Col6_Dil8_Light,2,2368.174013,Cabral,14,35.9,Cabral_Col6_Dil8_Dark,2,2427.573363,34.687785000000076,64.39583,12,8,11:00:00,11:57:00,LIGHT,24.711565000000064,3420,C,0.13207890154369867
6/10/23,27.269,36.1,Cabral_Col6_Dil7_Light,1,2374.480852,Cabral,14,36.1,Cabral_Col6_Dil7_Dark,1,2433.16241,45.72128500000008,102.91667,18,7,11:00:00,11:57:00,LIGHT,12.960272999999688,3420,C,0.042935425071257305
6/10/23,27.294,36.4,Cabral_Col6_Dil6_Light,0.5,2353.187015,Cabral,14,36.4,Cabral_Col6_Dil6_Dark,0.5,2401.021379,36.2511929999996,138.5625,22,6,11:00:00,11:57:00,LIGHT,11.58317100000022,3420,C,0.028321200950360198
6/10/23,27.058,36.5,Cabral_Col6_Dil5_Light,0.1,2342.277241,Cabral,14,36.5,Cabral_Col6_Dil5_Dark,0.1,2396.451536,22.56337399999984,138.09375,25,5,11:00:00,11:57:00,LIGHT,31.610921000000417,3420,C,0.07718153434332707
6/10/23,27.108,36.5,Cabral_Col6_Dil4_Light,0.05,2369.001411,Cabral,14,36.5,Cabral_Col6_Dil4_Dark,0.05,2416.980703,10.891317999999956,91.76562,12,4,11:00:00,11:57:00,LIGHT,37.08797400000003,3420,C,0.13910541934125803
6/10/23,26.984,36.6,Cabral_Col6_Dil3_Light,0.03,2382.397296,Cabral,14,36.6,Cabral_Col6_Dil3_Dark,0.03,2385.141998,-7.96867199999997,105.30729,20,3,11:00:00,11:57:00,LIGHT,10.71337399999993,3420,C,0.03457631001164584
6/10/23,27.224,36.5,Cabral_Col6_Dil2_Light,0.01,2364.618326,Cabral,14,36.5,Cabral_Col6_Dil2_Dark,0.01,2387.582754,-7.839054999999917,89.58854,12,2,11:00:00,11:57:00,LIGHT,30.803483000000142,3420,C,0.11834183789372879
6/10/23,27.11,36.6,Cabral_Col6_Dil1_Light,0,2400.146374,Cabral,14,36.6,Cabral_Col6_Dil1_Dark,0,2376.083907,-48.703739999999925,73.53125,20,1,11:00:00,11:57:00,LIGHT,24.641273000000183,3420,C,0.11389430408481976
6/10/23,27.163,35.2,Cabral_Col5_Dil9_Light,4,2357.879249,Cabral,13,35.2,Cabral_Col5_Dil9_Dark,4,2410.363767,15.35761999999977,52.13542,12,9,08:12:00,09:13:00,LIGHT,37.12689799999998,3660,C,0.22902967254708811
6/10/23,26.909,35.9,Cabral_Col5_Dil8_Light,2,2343.77277,Cabral,13,35.9,Cabral_Col5_Dil8_Dark,2,2427.573363,34.687785000000076,104.96875,13,8,08:12:00,09:13:00,LIGHT,49.11280799999986,3660,C,0.15024134308544165
6/10/23,27.269,36.1,Cabral_Col5_Dil7_Light,1,2380.764249,Cabral,13,36.1,Cabral_Col5_Dil7_Dark,1,2433.16241,45.72128500000008,90.85937,13,7,08:12:00,09:13:00,LIGHT,6.676875999999993,3660,C,0.02359708228924922
6/10/23,27.294,36.4,Cabral_Col5_Dil6_Light,0.5,2340.395434,Cabral,13,36.4,Cabral_Col5_Dil6_Dark,0.5,2401.021379,36.2511929999996,52.1875,10,6,08:12:00,09:13:00,LIGHT,24.37475200000017,3660,C,0.1506846355111427
6/10/23,27.058,36.5,Cabral_Col5_Dil5_Light,0.1,2351.838941,Cabral,13,36.5,Cabral_Col5_Dil5_Dark,0.1,2396.451536,22.56337399999984,75.54167,10,5,08:12:00,09:13:00,LIGHT,22.049221000000216,3660,C,0.09416769237819539
6/10/23,27.108,36.5,Cabral_Col5_Dil4_Light,0.05,2361.937918,Cabral,13,36.5,Cabral_Col5_Dil4_Dark,0.05,2416.980703,10.891317999999956,145.03125,22,4,08:12:00,09:13:00,LIGHT,44.15146700000014,3660,C,0.09637368760825318
6/10/23,26.984,36.6,Cabral_Col5_Dil3_Light,0.03,2362.172576,Cabral,13,36.6,Cabral_Col5_Dil3_Dark,0.03,2385.141998,-7.96867199999997,68.82292,12,3,08:12:00,09:13:00,LIGHT,30.938094000000092,3660,C,0.14457607282693027
6/10/23,27.224,36.5,Cabral_Col5_Dil2_Light,0.01,2401.373533,Cabral,13,36.5,Cabral_Col5_Dil2_Dark,0.01,2387.582754,-7.839054999999917,66.9375,12,2,08:12:00,09:13:00,LIGHT,-5.951724000000013,3660,C,-0.028596261448684452
6/10/23,27.11,36.6,Cabral_Col5_Dil1_Light,0,2372.132104,Cabral,13,36.6,Cabral_Col5_Dil1_Dark,0,2376.083907,-48.703739999999925,91.21875,15,1,08:12:00,09:13:00,LIGHT,52.65554300000031,3660,C,0.18477745852846633
6/13/23,30.442,35.8,Cabral_Col12_Dil9_Light,4,2460.878232,Cabral,20,35.8,Cabral_Col12_Dil9_Dark,4,2394.361398,-61.801454999999805,95.29688,11,9,20:54:00,21:57:00,LIGHT,-4.715379000000212,3780,C,-0.015432751091342069
6/13/23,30.059,36.4,Cabral_Col12_Dil8_Light,2,2430.050622,Cabral,20,36.4,Cabral_Col12_Dil8_Dark,2,2389.677339,-60.03452100000004,124.29167,13,8,20:54:00,21:57:00,LIGHT,19.661237999999685,3780,C,0.049182753610921004
6/13/23,29.582,36.7,Cabral_Col12_Dil7_Light,1,2428.878627,Cabral,20,36.7,Cabral_Col12_Dil7_Dark,1,2341.707381,-42.9929659999998,107.1875,11,7,20:54:00,21:57:00,LIGHT,-44.178280000000086,3780,C,-0.12854941082548962
6/13/23,30.273,36.8,Cabral_Col12_Dil6_Light,0.5,2196.818233,Cabral,20,36.8,Cabral_Col12_Dil6_Dark,0.5,2423.122264,-50.45950700000003,60.40104,4,6,20:54:00,21:57:00,LIGHT,276.76353800000015,3780,C,1.444779417285184
6/13/23,30.269,37.1,Cabral_Col12_Dil5_Light,0.1,2433.435378,Cabral,20,37.1,Cabral_Col12_Dil5_Dark,0.1,2396.422617,-42.88797899999963,57.44271,9,5,20:54:00,21:57:00,LIGHT,5.875217999999677,3780,C,0.03200012430148551
6/13/23,30.291,37.1,Cabral_Col12_Dil4_Light,0.05,2540.811925,Cabral,20,37.1,Cabral_Col12_Dil4_Dark,0.05,2423.427196,-81.09270399999969,90.96354,10,4,20:54:00,21:57:00,LIGHT,-36.292025000000194,3780,C,-0.12463166377796418
6/13/23,30.339,37.1,Cabral_Col12_Dil3_Light,0.03,2501.603356,Cabral,20,37.1,Cabral_Col12_Dil3_Dark,0.03,2402.061753,-72.8469869999999,83.47396,11,3,20:54:00,21:57:00,LIGHT,-26.694616000000224,3780,C,-0.09974200402822028
6/13/23,30.4,37.2,Cabral_Col12_Dil2_Light,0.01,2433.375697,Cabral,20,37.2,Cabral_Col12_Dil2_Dark,0.01,2417.135896,-44.71549300000015,56.42188,1,2,20:54:00,21:57:00,LIGHT,28.47569199999998,3780,C,0.15987332279014205
6/13/23,30.465,37.1,Cabral_Col12_Dil1_Light,0,2466.661921,Cabral,20,37.1,Cabral_Col12_Dil1_Dark,0,2409.886958,-89.88854600000013,49.99479,3,1,20:54:00,21:57:00,LIGHT,33.11358300000029,3780,C,0.2091656084471163
6/13/23,30.442,35.8,Cabral_Col11_Dil9_Light,4,2420.249398,Cabral,19,35.8,Cabral_Col11_Dil9_Dark,4,2394.361398,-61.801454999999805,140.32292,13,9,15:38:00,16:41:00,LIGHT,35.913454999999885,3780,C,0.07957425427779936
6/13/23,30.059,36.4,Cabral_Col11_Dil8_Light,2,2473.435503,Cabral,19,36.4,Cabral_Col11_Dil8_Dark,2,2389.677339,-60.03452100000004,131.68229,10,8,15:38:00,16:41:00,LIGHT,-23.723643000000266,3780,C,-0.05627798692053272
6/13/23,29.582,36.7,Cabral_Col11_Dil7_Light,1,2348.298799,Cabral,19,36.7,Cabral_Col11_Dil7_Dark,1,2341.707381,-42.9929659999998,128.13542,12,7,15:38:00,16:41:00,LIGHT,36.40154799999982,3780,C,0.08846590105924425
6/13/23,30.273,36.8,Cabral_Col11_Dil6_Light,0.5,2467.21916,Cabral,19,36.8,Cabral_Col11_Dil6_Dark,0.5,2423.122264,-50.45950700000003,137.19792,12,6,15:38:00,16:41:00,LIGHT,6.362611000000015,3780,C,0.014441526253077477
6/13/23,30.269,37.1,Cabral_Col11_Dil5_Light,0.1,2437.535838,Cabral,19,37.1,Cabral_Col11_Dil5_Dark,0.1,2396.422617,-42.88797899999963,112.73437,11,5,15:38:00,16:41:00,LIGHT,1.7747580000000198,3780,C,0.00491007616716312
6/13/23,30.291,37.1,Cabral_Col11_Dil4_Light,0.05,2428.873396,Cabral,19,37.1,Cabral_Col11_Dil4_Dark,0.05,2423.427196,-81.09270399999969,122.16146,12,4,15:38:00,16:41:00,LIGHT,75.64650399999982,3780,C,0.19283235127549686
6/13/23,30.339,37.1,Cabral_Col11_Dil3_Light,0.03,2441.208201,Cabral,19,37.1,Cabral_Col11_Dil3_Dark,0.03,2402.061753,-72.8469869999999,81.23438,12,3,15:38:00,16:41:00,LIGHT,33.700538999999935,3780,C,0.12918801526345275
6/13/23,30.4,37.2,Cabral_Col11_Dil2_Light,0.01,2464.5608,Cabral,19,37.2,Cabral_Col11_Dil2_Dark,0.01,2417.135896,-44.71549300000015,142.45313,4,2,15:38:00,16:41:00,LIGHT,-2.709411000000273,3780,C,-0.005997081932944344
6/13/23,30.465,37.1,Cabral_Col11_Dil1_Light,0,2442.941134,Cabral,19,37.1,Cabral_Col11_Dil1_Dark,0,2409.886958,-89.88854600000013,61.01563,9,1,15:38:00,16:41:00,LIGHT,56.834370000000035,3780,C,0.29142885542489
6/12/23,28.389,35.1,Cabral_Col10_Dil9_Light,4,2381.338346,Cabral,18,35.1,Cabral_Col10_Dil9_Dark,4,2377.671921,-20.3328919999999,82.11979,4,9,10:39:00,11:40:00,LIGHT,16.66646700000001,3660,C,0.06609118210646216
6/12/23,28.199,35.8,Cabral_Col10_Dil8_Light,2,2393.560792,Cabral,18,35.8,Cabral_Col10_Dil8_Dark,2,2368.313481,-14.458845999999994,89.07292,9,8,10:39:00,11:40:00,LIGHT,-10.788465000000087,3660,C,-0.03913697744090206
6/12/23,28.899,36.1,Cabral_Col10_Dil7_Light,1,2394.8548,Cabral,18,36.1,Cabral_Col10_Dil7_Dark,1,2386.611317,-64.01021200000014,126.68229,11,7,10:39:00,11:40:00,LIGHT,55.76672899999994,3660,C,0.14179973183996697
6/12/23,28.313,36.3,Cabral_Col10_Dil6_Light,0.5,2367.783342,Cabral,18,36.3,Cabral_Col10_Dil6_Dark,0.5,2370.703949,-7.738678999999593,127.89583,11,6,10:39:00,11:40:00,LIGHT,10.65928599999961,3660,C,0.02684651230890275
6/12/23,28.251,36.4,Cabral_Col10_Dil5_Light,0.1,2391.804065,Cabral,18,36.4,Cabral_Col10_Dil5_Dark,0.1,2387.15343,-30.757634999999937,90.65104,7,5,10:39:00,11:40:00,LIGHT,26.10699999999997,3660,C,0.0933491647172949
6/12/23,28.219,36.6,Cabral_Col10_Dil4_Light,0.05,2381.965281,Cabral,18,36.6,Cabral_Col10_Dil4_Dark,0.05,2378.482368,-33.207852,99.38021,12,4,10:39:00,11:40:00,LIGHT,29.724939000000177,3660,C,0.09619600267572212
6/12/23,28.395,36.4,Cabral_Col10_Dil3_Light,0.03,2408.60394,Cabral,18,36.4,Cabral_Col10_Dil3_Dark,0.03,2378.494426,-76.21294999999964,160.01042,12,3,10:39:00,11:40:00,LIGHT,46.103435999999874,3660,C,0.09266612282018549
6/12/23,27.982,36.6,Cabral_Col10_Dil2_Light,0.01,2392.314449,Cabral,18,36.6,Cabral_Col10_Dil2_Dark,0.01,2437.47068,22.217450999999983,73.56771,7,2,10:39:00,11:40:00,LIGHT,22.93877999999995,3660,C,0.10106699115663095
6/12/23,28.172,36.3,Cabral_Col10_Dil1_Light,0,2362.981772,Cabral,18,36.3,Cabral_Col10_Dil1_Dark,0,2366.430138,-24.35887099999991,95.09896,8,1,10:39:00,11:40:00,LIGHT,27.807236999999986,3660,C,0.09463077220039098
