sample_ID,SGD_dil,SGD_number,weight_g,volume_mL,SA_cm2,spc,salinity ,mV,pH,DO_percent,mg_L,temp_C,pH_night,TrisCalDate,phosphate_umolL,silicate_umolL,NN_umolL,ammonia_umolL
Cabral_Col5_Dil1_Light,1,0,26.1804,15,91.21875,55.3,36.6,-73.7,8.14,67.5,4.34,27.11,8.05,6/14/23,0.05,3.38,0.16,0.52
Cabral_Col5_Dil2_Light,2,0.01,19.1802,12,66.9375,55.1,36.5,-74,8.05,68.6,4.44,27.224,8.06,6/14/23,0.05,3.49,1.04,0.57
Cabral_Col5_Dil3_Light,3,0.03,17.6857,12,68.82292,55.2,36.6,-75.5,8.07,63.4,4.1,26.984,8.06,6/14/23,0.04,4.11,0.28,0.7
Cabral_Col5_Dil4_Light,4,0.05,28.3623,22,145.03125,55.2,36.5,-74.8,8.06,67.8,4.38,27.108,8.06,6/14/23,0.05,3.13,3.25,0.76
Cabral_Col5_Dil5_Light,5,0.1,19.6728,10,75.54167,55.2,36.5,-75.4,8.07,72.1,4.61,27.058,8.06,6/14/23,0.06,5.23,0.17,0.43
Cabral_Col5_Dil6_Light,6,0.5,16.458,10,52.1875,55,36.4,-75.4,8.07,67.9,4.39,27.294,8.06,6/14/23,0.13,6.59,0.4,2
Cabral_Col5_Dil7_Light,7,1,24.5513,13,90.85937,54.6,36.1,-74.9,8.06,65.2,4.2,27.269,8.06,6/14/23,0.09,8.39,0.06,0.31
Cabral_Col5_Dil8_Light,8,2,24.3765,13,104.96875,54.3,35.9,-75.5,8.07,67.2,4.35,26.909,8.05,6/14/23,0.09,15.42,0.24,0.88
Cabral_Col5_Dil9_Light,9,4,15.7291,12,52.13542,53.4,35.2,-75.8,8.08,66.2,4.28,27.163,8.05,6/14/23,0.12,24.72,0.04,0.39
Cabral_Col5_Dil1_Dark,1,0,26.1804,15,91.21875,55.3,36.6,-73.7,8.14,67.5,4.34,27.11,8.05,6/14/23,0.05,3.38,0.16,0.52
Cabral_Col5_Dil2_Dark,2,0.01,19.1802,12,66.9375,55.1,36.5,-74,8.05,68.6,4.44,27.224,8.06,6/14/23,0.05,3.49,1.04,0.57
Cabral_Col5_Dil3_Dark,3,0.03,17.6857,12,68.82292,55.2,36.6,-75.5,8.07,63.4,4.1,26.984,8.06,6/14/23,0.04,4.11,0.28,0.7
Cabral_Col5_Dil4_Dark,4,0.05,28.3623,22,145.03125,55.2,36.5,-74.8,8.06,67.8,4.38,27.108,8.06,6/14/23,0.05,3.13,3.25,0.76
Cabral_Col5_Dil5_Dark,5,0.1,19.6728,10,75.54167,55.2,36.5,-75.4,8.07,72.1,4.61,27.058,8.06,6/14/23,0.06,5.23,0.17,0.43
Cabral_Col5_Dil6_Dark,6,0.5,16.458,10,52.1875,55,36.4,-75.4,8.07,67.9,4.39,27.294,8.06,6/14/23,0.13,6.59,0.4,2
Cabral_Col5_Dil7_Dark,7,1,24.5513,13,90.85937,54.6,36.1,-74.9,8.06,65.2,4.2,27.269,8.06,6/14/23,0.09,8.39,0.06,0.31
Cabral_Col5_Dil8_Dark,8,2,24.3765,13,104.96875,54.3,35.9,-75.5,8.07,67.2,4.35,26.909,8.05,6/14/23,0.09,15.42,0.24,0.88
Cabral_Col5_Dil9_Dark,9,4,15.7291,12,52.13542,53.4,35.2,-75.8,8.08,66.2,4.28,27.163,8.05,6/14/23,0.12,24.72,0.04,0.39
Cabral_Col6_Dil1_Light,1,0,33.1973,20,73.53125,55.3,36.6,-73.7,8.14,67.5,4.34,27.11,8.05,6/14/23,0.05,3.38,0.16,0.52
Cabral_Col6_Dil2_Light,2,0.01,20.026,12,89.58854,55.1,36.5,-74,8.05,68.6,4.44,27.224,8.06,6/14/23,0.05,3.49,1.04,0.57
Cabral_Col6_Dil3_Light,3,0.03,31.5235,20,105.30729,55.2,36.6,-75.5,8.07,63.4,4.1,26.984,8.06,6/14/23,0.04,4.11,0.28,0.7
Cabral_Col6_Dil4_Light,4,0.05,30.4114,12,91.76562,55.2,36.5,-74.8,8.06,67.8,4.38,27.108,8.06,6/14/23,0.05,3.13,3.25,0.76
Cabral_Col6_Dil5_Light,5,0.1,43.4612,25,138.09375,55.2,36.5,-75.4,8.07,72.1,4.61,27.058,8.06,6/14/23,0.06,5.23,0.17,0.43
Cabral_Col6_Dil6_Light,6,0.5,31.6812,22,138.5625,55,36.4,-75.4,8.07,67.9,4.39,27.294,8.06,6/14/23,0.13,6.59,0.4,2
Cabral_Col6_Dil7_Light,7,1,34.0625,18,102.91667,54.6,36.1,-74.9,8.06,65.2,4.2,27.269,8.06,6/14/23,0.09,8.39,0.06,0.31
Cabral_Col6_Dil8_Light,8,2,21.1687,12,64.39583,54.3,35.9,-75.5,8.07,67.2,4.35,26.909,8.05,6/14/23,0.09,15.42,0.24,0.88
Cabral_Col6_Dil9_Light,9,4,27.1245,14,75.5625,53.4,35.2,-75.8,8.08,66.2,4.28,27.163,8.05,6/14/23,0.12,24.72,0.04,0.39
Cabral_Col6_Dil1_Dark,1,0,33.1973,20,73.53125,55.3,36.6,-73.7,8.14,67.5,4.34,27.11,8.05,6/14/23,0.05,3.38,0.16,0.52
Cabral_Col6_Dil2_Dark,2,0.01,20.026,12,89.58854,55.1,36.5,-74,8.05,68.6,4.44,27.224,8.06,6/14/23,0.05,3.49,1.04,0.57
Cabral_Col6_Dil3_Dark,3,0.03,31.5235,20,105.30729,55.2,36.6,-75.5,8.07,63.4,4.1,26.984,8.06,6/14/23,0.04,4.11,0.28,0.7
Cabral_Col6_Dil4_Dark,4,0.05,30.4114,12,91.76562,55.2,36.5,-74.8,8.06,67.8,4.38,27.108,8.06,6/14/23,0.05,3.13,3.25,0.76
Cabral_Col6_Dil5_Dark,5,0.1,43.4612,25,138.09375,55.2,36.5,-75.4,8.07,72.1,4.61,27.058,8.06,6/14/23,0.06,5.23,0.17,0.43
Cabral_Col6_Dil6_Dark,6,0.5,31.6812,22,138.5625,55,36.4,-75.4,8.07,67.9,4.39,27.294,8.06,6/14/23,0.13,6.59,0.4,2
Cabral_Col6_Dil7_Dark,7,1,34.0625,18,102.91667,54.6,36.1,-74.9,8.06,65.2,4.2,27.269,8.06,6/14/23,0.09,8.39,0.06,0.31
Cabral_Col6_Dil8_Dark,8,2,21.1687,12,64.39583,54.3,35.9,-75.5,8.07,67.2,4.35,26.909,8.05,6/14/23,0.09,15.42,0.24,0.88
Cabral_Col6_Dil9_Dark,9,4,27.1245,14,75.5625,53.4,35.2,-75.8,8.08,66.2,4.28,27.163,8.05,6/14/23,0.12,24.72,0.04,0.39
Cabral_BlankD3_Dil1_Light,1,0,N/A,0,0,55.3,36.6,-73.7,8.14,67.5,4.34,27.11,8.05,6/14/23,,,,
Cabral_BlankD3_Dil2_Light,2,0.01,N/A,0,0,55.1,36.5,-74,8.05,68.6,4.44,27.224,8.06,6/14/23,,,,
Cabral_BlankD3_Dil3_Light,3,0.03,N/A,0,0,55.2,36.6,-75.5,8.07,63.4,4.1,26.984,8.06,6/14/23,,,,
Cabral_BlankD3_Dil4_Light,4,0.05,N/A,0,0,55.2,36.5,-74.8,8.06,67.8,4.38,27.108,8.06,6/14/23,,,,
Cabral_BlankD3_Dil5_Light,5,0.1,N/A,0,0,55.2,36.5,-75.4,8.07,72.1,4.61,27.058,8.06,6/14/23,,,,
Cabral_BlankD3_Dil6_Light,6,0.5,N/A,0,0,55,36.4,-75.4,8.07,67.9,4.39,27.294,8.06,6/14/23,,,,
Cabral_BlankD3_Dil7_Light,7,1,N/A,0,0,54.6,36.1,-74.9,8.06,65.2,4.2,27.269,8.06,6/14/23,,,,
Cabral_BlankD3_Dil8_Light,8,2,N/A,0,0,54.3,35.9,-75.5,8.07,67.2,4.35,26.909,8.05,6/14/23,,,,
Cabral_BlankD3_Dil9_Light,9,4,N/A,0,0,53.4,35.2,-75.8,8.08,66.2,4.28,27.163,8.05,6/14/23,,,,
Cabral_BlankD3_Dil1_Dark,1,0,N/A,0,0,55.3,36.6,-73.7,8.14,67.5,4.34,27.11,8.05,6/14/23,,,,
Cabral_BlankD3_Dil2_Dark,2,0.01,N/A,0,0,55.1,36.5,-74,8.05,68.6,4.44,27.224,8.06,6/14/23,,,,
Cabral_BlankD3_Dil3_Dark,3,0.03,N/A,0,0,55.2,36.6,-75.5,8.07,63.4,4.1,26.984,8.06,6/14/23,,,,
Cabral_BlankD3_Dil4_Dark,4,0.05,N/A,0,0,55.2,36.5,-74.8,8.06,67.8,4.38,27.108,8.06,6/14/23,,,,
Cabral_BlankD3_Dil5_Dark,5,0.1,N/A,0,0,55.2,36.5,-75.4,8.07,72.1,4.61,27.058,8.06,6/14/23,,,,
Cabral_BlankD3_Dil6_Dark,6,0.5,N/A,0,0,55,36.4,-75.4,8.07,67.9,4.39,27.294,8.06,6/14/23,,,,
Cabral_BlankD3_Dil7_Dark,7,1,N/A,0,0,54.6,36.1,-74.9,8.06,65.2,4.2,27.269,8.06,6/14/23,,,,
Cabral_BlankD3_Dil8_Dark,8,2,N/A,0,0,54.3,35.9,-75.5,8.07,67.2,4.35,26.909,8.05,6/14/23,,,,
Cabral_BlankD3_Dil9_Dark,9,4,N/A,0,0,53.4,35.2,-75.8,8.08,66.2,4.28,27.163,8.05,6/14/23,,,,
Cabral_Col7_Dil1_Light,1,0,20.2984,10,65.53125,55.2,36.5,-76.7,8.09,71.9,4.69,27.436,,6/14/23,,,,
Cabral_Col7_Dil2_Light,2,0.01,21.159,8,70.66146,55.3,36.6,-76.4,8.09,68.6,4.42,27.345,,6/14/23,,,,
Cabral_Col7_Dil3_Light,3,0.03,23.9089,11,75.89583,55.1,36.5,-76.2,8.08,68,4.36,27.68,,6/14/23,,,,
Cabral_Col7_Dil4_Light,4,0.05,26.81,13,92.86458,55.2,36.5,-74.9,8.06,67.1,4.3,27.788,,6/14/23,,,,
Cabral_Col7_Dil5_Light,5,0.1,29.3809,14,115.66667,55.2,36.5,-74.7,8.06,63.1,4.02,27.779,,6/14/23,,,,
Cabral_Col7_Dil6_Light,6,0.5,19.347,10,58.54167,54.9,36.3,-76.8,8.09,65.8,4.16,27.685,,6/14/23,,,,
Cabral_Col7_Dil7_Light,7,1,19.8876,10,72.11458,54.7,36.2,-74,8.05,64.8,4.15,27.602,,6/14/23,,,,
Cabral_Col7_Dil8_Light,8,2,24.2476,14,0,54.4,35.9,-74,8.05,65.7,4.24,27.452,,6/14/23,,,,
Cabral_Col7_Dil9_Light,9,4,23.3207,12,90.65625,53.3,35.1,-76.1,8.08,64.1,4.15,27.734,,6/14/23,,,,
Cabral_Col7_Dil1_Dark,1,0,20.2984,10,65.53125,55.2,36.5,-76.7,8.09,71.9,4.69,27.436,,6/14/23,,,,
Cabral_Col7_Dil2_Dark,2,0.01,21.159,8,70.66146,55.3,36.6,-76.4,8.09,68.6,4.42,27.345,,6/14/23,,,,
Cabral_Col7_Dil3_Dark,3,0.03,23.9089,11,75.89583,55.1,36.5,-76.2,8.08,68,4.36,27.68,,6/14/23,,,,
Cabral_Col7_Dil4_Dark,4,0.05,26.81,13,92.86458,55.2,36.5,-74.9,8.06,67.1,4.3,27.788,,6/14/23,,,,
Cabral_Col7_Dil5_Dark,5,0.1,29.3809,14,115.66667,55.2,36.5,-74.7,8.06,63.1,4.02,27.779,,6/14/23,,,,
Cabral_Col7_Dil6_Dark,6,0.5,19.347,10,58.54167,54.9,36.3,-76.8,8.09,65.8,4.16,27.685,,6/14/23,,,,
Cabral_Col7_Dil7_Dark,7,1,19.8876,10,72.11458,54.7,36.2,-74,8.05,64.8,4.15,27.602,,6/14/23,,,,
Cabral_Col7_Dil8_Dark,8,2,24.2476,14,0,54.4,35.9,-74,8.05,65.7,4.24,27.452,,6/14/23,,,,
Cabral_Col7_Dil9_Dark,9,4,23.3207,12,90.65625,53.3,35.1,-76.1,8.08,64.1,4.15,27.734,,6/14/23,,,,
Cabral_Col8_Dil1_Light,1,0,26.2037,12,97.17708,55.2,36.5,-76.7,8.09,71.9,4.69,27.436,,6/14/23,,,,
Cabral_Col8_Dil2_Light,2,0.01,24.9439,13,110.98438,55.3,36.6,-76.4,8.09,68.6,4.42,27.345,,6/14/23,,,,
Cabral_Col8_Dil3_Light,3,0.03,20.5479,11,94.59375,55.1,36.5,-76.2,8.08,68,4.36,27.68,,6/14/23,,,,
Cabral_Col8_Dil4_Light,4,0.05,27.6969,14,132.83854,55.2,36.5,-74.9,8.06,67.1,4.3,27.788,,6/14/23,,,,
Cabral_Col8_Dil5_Light,5,0.1,22.5343,12,98.33333,55.2,36.5,-74.7,8.06,63.1,4.02,27.779,,6/14/23,,,,
Cabral_Col8_Dil6_Light,6,0.5,16.7954,8,63.46354,54.9,36.3,-76.8,8.09,65.8,4.16,27.685,,6/14/23,,,,
Cabral_Col8_Dil7_Light,7,1,25.7629,13,92.48438,54.7,36.2,-74,8.05,64.8,4.15,27.602,,6/14/23,,,,
Cabral_Col8_Dil8_Light,8,2,29.0183,14,135.30208,54.4,35.9,-74,8.05,65.7,4.24,27.452,,6/14/23,,,,
Cabral_Col8_Dil9_Light,9,4,16.4498,8,61.42708,53.3,35.1,-76.1,8.08,64.1,4.15,27.734,,6/14/23,,,,
Cabral_Col8_Dil1_Dark,1,0,26.2037,12,97.17708,55.2,36.5,-76.7,8.09,71.9,4.69,27.436,,6/14/23,,,,
Cabral_Col8_Dil2_Dark,2,0.01,24.9439,13,110.98438,55.3,36.6,-76.4,8.09,68.6,4.42,27.345,,6/14/23,,,,
Cabral_Col8_Dil3_Dark,3,0.03,20.5479,11,94.59375,55.1,36.5,-76.2,8.08,68,4.36,27.68,,6/14/23,,,,
Cabral_Col8_Dil4_Dark,4,0.05,27.6969,14,132.83854,55.2,36.5,-74.9,8.06,67.1,4.3,27.788,,6/14/23,,,,
Cabral_Col8_Dil5_Dark,5,0.1,22.5343,12,98.33333,55.2,36.5,-74.7,8.06,63.1,4.02,27.779,,6/14/23,,,,
Cabral_Col8_Dil6_Dark,6,0.5,16.7954,8,63.46354,54.9,36.3,-76.8,8.09,65.8,4.16,27.685,,6/14/23,,,,
Cabral_Col8_Dil7_Dark,7,1,25.7629,13,92.48438,54.7,36.2,-74,8.05,64.8,4.15,27.602,,6/14/23,,,,
Cabral_Col8_Dil8_Dark,8,2,29.0183,14,135.30208,54.4,35.9,-74,8.05,65.7,4.24,27.452,,6/14/23,,,,
Cabral_Col8_Dil9_Dark,9,4,16.4498,8,61.42708,53.3,35.1,-76.1,8.08,64.1,4.15,27.734,,6/14/23,,,,
Cabral_BlankD4_Dil1_Light,1,0,N/A,0,0,55.2,36.5,-76.7,8.09,71.9,4.69,27.436,,6/14/23,,,,
Cabral_BlankD4_Dil2_Light,2,0.01,N/A,0,0,55.3,36.6,-76.4,8.09,68.6,4.42,27.345,,6/14/23,,,,
Cabral_BlankD4_Dil3_Light,3,0.03,N/A,0,0,55.1,36.5,-76.2,8.08,68,4.36,27.68,,6/14/23,,,,
Cabral_BlankD4_Dil4_Light,4,0.05,N/A,0,0,55.2,36.5,-74.9,8.06,67.1,4.3,27.788,,6/14/23,,,,
Cabral_BlankD4_Dil5_Light,5,0.1,N/A,0,0,55.2,36.5,-74.7,8.06,63.1,4.02,27.779,,6/14/23,,,,
Cabral_BlankD4_Dil6_Light,6,0.5,N/A,0,0,54.9,36.3,-76.8,8.09,65.8,4.16,27.685,,6/14/23,,,,
Cabral_BlankD4_Dil7_Light,7,1,N/A,0,0,54.7,36.2,-74,8.05,64.8,4.15,27.602,,6/14/23,,,,
Cabral_BlankD4_Dil8_Light,8,2,N/A,0,0,54.4,35.9,-74,8.05,65.7,4.24,27.452,,6/14/23,,,,
Cabral_BlankD4_Dil9_Light,9,4,N/A,0,0,53.3,35.1,-76.1,8.08,64.1,4.15,27.734,,6/14/23,,,,
Cabral_BlankD4_Dil1_Dark,1,0,N/A,0,0,55.2,36.5,-76.7,8.09,71.9,4.69,27.436,,6/14/23,,,,
Cabral_BlankD4_Dil2_Dark,2,0.01,N/A,0,0,55.3,36.6,-76.4,8.09,68.6,4.42,27.345,,6/14/23,,,,
Cabral_BlankD4_Dil3_Dark,3,0.03,N/A,0,0,55.1,36.5,-76.2,8.08,68,4.36,27.68,,6/14/23,,,,
Cabral_BlankD4_Dil4_Dark,4,0.05,N/A,0,0,55.2,36.5,-74.9,8.06,67.1,4.3,27.788,,6/14/23,,,,
Cabral_BlankD4_Dil5_Dark,5,0.1,N/A,0,0,55.2,36.5,-74.7,8.06,63.1,4.02,27.779,,6/14/23,,,,
Cabral_BlankD4_Dil6_Dark,6,0.5,N/A,0,0,54.9,36.3,-76.8,8.09,65.8,4.16,27.685,,6/14/23,,,,
Cabral_BlankD4_Dil7_Dark,7,1,N/A,0,0,54.7,36.2,-74,8.05,64.8,4.15,27.602,,6/14/23,,,,
Cabral_BlankD4_Dil8_Dark,8,2,N/A,0,0,54.4,35.9,-74,8.05,65.7,4.24,27.452,,6/14/23,,,,
Cabral_BlankD4_Dil9_Dark,9,4,N/A,0,0,53.3,35.1,-76.1,8.08,64.1,4.15,27.734,,6/14/23,,,,
Cabral_Col9_Dil1_Light,1,0,28.822,10,96.14063,54.9,36.3,-75.2,8.06,73.7,4.65,28.172,,6/14/23,,,,
Cabral_Col9_Dil2_Light,2,0.01,18.9872,16,59.51042,55.3,36.6,-75.9,8.08,70.5,4.51,27.982,,6/14/23,,,,
Cabral_Col9_Dil3_Light,3,0.03,24.4498,10,108.20833,55.1,36.4,-74.6,8.05,66.1,4.2,28.395,,6/14/23,,,,
Cabral_Col9_Dil4_Light,4,0.05,15.0271,2,52.65104,55.3,36.6,-76.8,8.09,67.1,4.28,28.219,,6/14/23,,,,
Cabral_Col9_Dil5_Light,5,0.1,27.0149,10,102.99479,55.1,36.4,-77.1,8.1,65.2,4.15,28.251,,6/14/23,,,,
Cabral_Col9_Dil6_Light,6,0.5,29.423,11,115.58854,54.9,36.3,-75.4,8.07,65.2,4.15,28.313,,6/14/23,,,,
Cabral_Col9_Dil7_Light,7,1,22.2288,9,61.42187,54.7,36.1,-76.2,8.08,62.5,3.95,28.899,,6/14/23,,,,
Cabral_Col9_Dil8_Light,8,2,28.7351,12,95.55729,54.3,35.8,-76.2,8.08,63.8,4.07,28.199,,6/14/23,,,,
Cabral_Col9_Dil9_Light,9,4,25.5787,5,75.96354,53.3,35.1,-77.2,8.1,64.8,4.15,28.389,,6/14/23,,,,
Cabral_Col9_Dil1_Dark,1,0,28.822,10,96.14063,54.9,36.3,-75.2,8.06,73.7,4.65,28.172,,6/14/23,,,,
Cabral_Col9_Dil2_Dark,2,0.01,18.9872,16,59.51042,55.3,36.6,-75.9,8.08,70.5,4.51,27.982,,6/14/23,,,,
Cabral_Col9_Dil3_Dark,3,0.03,24.4498,10,108.20833,55.1,36.4,-74.6,8.05,66.1,4.2,28.395,,6/14/23,,,,
Cabral_Col9_Dil4_Dark,4,0.05,15.0271,2,52.65104,55.3,36.6,-76.8,8.09,67.1,4.28,28.219,,6/14/23,,,,
Cabral_Col9_Dil5_Dark,5,0.1,27.0149,10,102.99479,55.1,36.4,-77.1,8.1,65.2,4.15,28.251,,6/14/23,,,,
Cabral_Col9_Dil6_Dark,6,0.5,29.423,11,115.58854,54.9,36.3,-75.4,8.07,65.2,4.15,28.313,,6/14/23,,,,
Cabral_Col9_Dil7_Dark,7,1,22.2288,9,61.42187,54.7,36.1,-76.2,8.08,62.5,3.95,28.899,,6/14/23,,,,
Cabral_Col9_Dil8_Dark,8,2,28.7351,12,95.55729,54.3,35.8,-76.2,8.08,63.8,4.07,28.199,,6/14/23,,,,
Cabral_Col9_Dil9_Dark,9,4,25.5787,5,75.96354,53.3,35.1,-77.2,8.1,64.8,4.15,28.389,,6/14/23,,,,
Cabral_Col10_Dil1_Light,1,0,22.5718,8,95.09896,54.9,36.3,-75.2,8.06,73.7,4.65,28.172,,6/14/23,,,,
Cabral_Col10_Dil2_Light,2,0.01,22.4575,7,73.56771,55.3,36.6,-75.9,8.08,70.5,4.51,27.982,,6/14/23,,,,
Cabral_Col10_Dil3_Light,3,0.03,34.9232,12,160.01042,55.1,36.4,-74.6,8.05,66.1,4.2,28.395,,6/14/23,,,,
Cabral_Col10_Dil4_Light,4,0.05,25.5783,12,99.38021,55.3,36.6,-76.8,8.09,67.1,4.28,28.219,,6/14/23,,,,
Cabral_Col10_Dil5_Light,5,0.1,24.5449,7,90.65104,55.1,36.4,-77.1,8.1,65.2,4.15,28.251,,6/14/23,,,,
Cabral_Col10_Dil6_Light,6,0.5,29.1279,11,127.89583,54.9,36.3,-75.4,8.07,65.2,4.15,28.313,,6/14/23,,,,
Cabral_Col10_Dil7_Light,7,1,29.1314,11,126.68229,54.7,36.1,-76.2,8.08,62.5,3.95,28.899,,6/14/23,,,,
Cabral_Col10_Dil8_Light,8,2,26.2201,9,89.07292,54.3,35.8,-76.2,8.08,63.8,4.07,28.199,,6/14/23,,,,
Cabral_Col10_Dil9_Light,9,4,24.4871,4,82.11979,53.3,35.1,-77.2,8.1,64.8,4.15,28.389,,6/14/23,,,,
Cabral_Col10_Dil1_Dark,1,0,22.5718,8,95.09896,54.9,36.3,-75.2,8.06,73.7,4.65,28.172,,6/14/23,,,,
Cabral_Col10_Dil2_Dark,2,0.01,22.4575,7,73.56771,55.3,36.6,-75.9,8.08,70.5,4.51,27.982,,6/14/23,,,,
Cabral_Col10_Dil3_Dark,3,0.03,34.9232,12,160.01042,55.1,36.4,-74.6,8.05,66.1,4.2,28.395,,6/14/23,,,,
Cabral_Col10_Dil4_Dark,4,0.05,25.5783,12,99.38021,55.3,36.6,-76.8,8.09,67.1,4.28,28.219,,6/14/23,,,,
Cabral_Col10_Dil5_Dark,5,0.1,24.5449,7,90.65104,55.1,36.4,-77.1,8.1,65.2,4.15,28.251,,6/14/23,,,,
Cabral_Col10_Dil6_Dark,6,0.5,29.1279,11,127.89583,54.9,36.3,-75.4,8.07,65.2,4.15,28.313,,6/14/23,,,,
Cabral_Col10_Dil7_Dark,7,1,29.1314,11,126.68229,54.7,36.1,-76.2,8.08,62.5,3.95,28.899,,6/14/23,,,,
Cabral_Col10_Dil8_Dark,8,2,26.2201,9,89.07292,54.3,35.8,-76.2,8.08,63.8,4.07,28.199,,6/14/23,,,,
Cabral_Col10_Dil9_Dark,9,4,24.4871,4,82.11979,53.3,35.1,-77.2,8.1,64.8,4.15,28.389,,6/14/23,,,,
Cabral_BlankD5_Dil1_Light,1,0,N/A,0,0,54.9,36.3,-75.2,8.06,73.7,4.65,28.172,,6/14/23,,,,
Cabral_BlankD5_Dil2_Light,2,0.01,N/A,0,0,55.3,36.6,-75.9,8.08,70.5,4.51,27.982,,6/14/23,,,,
Cabral_BlankD5_Dil3_Light,3,0.03,N/A,0,0,55.1,36.4,-74.6,8.05,66.1,4.2,28.395,,6/14/23,,,,
Cabral_BlankD5_Dil4_Light,4,0.05,N/A,0,0,55.3,36.6,-76.8,8.09,67.1,4.28,28.219,,6/14/23,,,,
Cabral_BlankD5_Dil5_Light,5,0.1,N/A,0,0,55.1,36.4,-77.1,8.1,65.2,4.15,28.251,,6/14/23,,,,
Cabral_BlankD5_Dil6_Light,6,0.5,N/A,0,0,54.9,36.3,-75.4,8.07,65.2,4.15,28.313,,6/14/23,,,,
Cabral_BlankD5_Dil7_Light,7,1,N/A,0,0,54.7,36.1,-76.2,8.08,62.5,3.95,28.899,,6/14/23,,,,
Cabral_BlankD5_Dil8_Light,8,2,N/A,0,0,54.3,35.8,-76.2,8.08,63.8,4.07,28.199,,6/14/23,,,,
Cabral_BlankD5_Dil9_Light,9,4,N/A,0,0,53.3,35.1,-77.2,8.1,64.8,4.15,28.389,,6/14/23,,,,
Cabral_BlankD5_Dil1_Dark,1,0,N/A,0,0,54.9,36.3,-75.2,8.06,73.7,4.65,28.172,,6/14/23,,,,
Cabral_BlankD5_Dil2_Dark,2,0.01,N/A,0,0,55.3,36.6,-75.9,8.08,70.5,4.51,27.982,,6/14/23,,,,
Cabral_BlankD5_Dil3_Dark,3,0.03,N/A,0,0,55.1,36.4,-74.6,8.05,66.1,4.2,28.395,,6/14/23,,,,
Cabral_BlankD5_Dil4_Dark,4,0.05,N/A,0,0,55.3,36.6,-76.8,8.09,67.1,4.28,28.219,,6/14/23,,,,
Cabral_BlankD5_Dil5_Dark,5,0.1,N/A,0,0,55.1,36.4,-77.1,8.1,65.2,4.15,28.251,,6/14/23,,,,
Cabral_BlankD5_Dil6_Dark,6,0.5,N/A,0,0,54.9,36.3,-75.4,8.07,65.2,4.15,28.313,,6/14/23,,,,
Cabral_BlankD5_Dil7_Dark,7,1,N/A,0,0,54.7,36.1,-76.2,8.08,62.5,3.95,28.899,,6/14/23,,,,
Cabral_BlankD5_Dil8_Dark,8,2,N/A,0,0,54.3,35.8,-76.2,8.08,63.8,4.07,28.199,,6/14/23,,,,
Cabral_BlankD5_Dil9_Dark,9,4,N/A,0,0,53.3,35.1,-77.2,8.1,64.8,4.15,28.389,,6/14/23,,,,
Cabral_Col11_Dil1_Light,1,0,20.9777,9,61.01563,56.1,37.1,-77.2,8.09,58.7,3.6,30.465,,6/14/23,0.04,3.21,0.18,2.56
Cabral_Col11_Dil2_Light,2,0.01,32.2773,4,142.45313,56.2,37.2,-77.8,8.1,60,3.68,30.4,,6/14/23,0.06,3.71,0.15,1.49
Cabral_Col11_Dil3_Light,3,0.03,19.3413,12,81.23438,56.1,37.1,-78.3,8.11,59.2,3.63,30.339,,6/14/23,0.06,3.36,0.19,0.78
Cabral_Col11_Dil4_Light,4,0.05,34.0265,12,122.16146,56.1,37.1,-79.2,8.12,59.7,3.67,30.291,,6/14/23,0.06,2.54,0.25,13.51
Cabral_Col11_Dil5_Light,5,0.1,25.2859,11,112.73437,56.1,37.1,-76.5,8.08,57,3.5,30.269,,6/14/23,0.04,3.24,0.15,4.43
Cabral_Col11_Dil6_Light,6,0.5,31.4734,12,137.19792,55.8,36.8,-79,8.12,59.7,3.67,30.273,,6/14/23,0.08,4.69,0.7,10.44
Cabral_Col11_Dil7_Light,7,1,30.6992,12,128.13542,55.4,36.7,-77.2,8.09,56.2,3.5,29.582,,6/14/23,0.08,8.92,1.46,8.8
Cabral_Col11_Dil8_Light,8,2,34.7524,10,131.68229,55.1,36.4,-77.3,8.09,60.1,3.71,30.059,,6/14/23,0.1,14.8,0.27,2.1
Cabral_Col11_Dil9_Light,9,4,32.691,13,140.32292,54.4,35.8,-76.8,8.08,58.6,3.61,30.442,,6/14/23,0.15,25.59,1.24,2.77
Cabral_Col11_Dil1_Dark,1,0,20.9777,9,61.01563,56.1,37.1,-77.2,8.09,58.7,3.6,30.465,,6/14/23,0.04,3.21,0.18,2.56
Cabral_Col11_Dil2_Dark,2,0.01,32.2773,4,142.45313,56.2,37.2,-77.8,8.1,60,3.68,30.4,,6/14/23,0.06,3.71,0.15,1.49
Cabral_Col11_Dil3_Dark,3,0.03,19.3413,12,81.23438,56.1,37.1,-78.3,8.11,59.2,3.63,30.339,,6/14/23,0.06,3.36,0.19,0.78
Cabral_Col11_Dil4_Dark,4,0.05,34.0265,12,122.16146,56.1,37.1,-79.2,8.12,59.7,3.67,30.291,,6/14/23,0.06,2.54,0.25,13.51
Cabral_Col11_Dil5_Dark,5,0.1,25.2859,11,112.73437,56.1,37.1,-76.5,8.08,57,3.5,30.269,,6/14/23,0.04,3.24,0.15,4.43
Cabral_Col11_Dil6_Dark,6,0.5,31.4734,12,137.19792,55.8,36.8,-79,8.12,59.7,3.67,30.273,,6/14/23,0.08,4.69,0.7,10.44
Cabral_Col11_Dil7_Dark,7,1,30.6992,12,128.13542,55.4,36.7,-77.2,8.09,56.2,3.5,29.582,,6/14/23,0.08,8.92,1.46,8.8
Cabral_Col11_Dil8_Dark,8,2,34.7524,10,131.68229,55.1,36.4,-77.3,8.09,60.1,3.71,30.059,,6/14/23,0.1,14.8,0.27,2.1
Cabral_Col11_Dil9_Dark,9,4,32.691,13,140.32292,54.4,35.8,-76.8,8.08,58.6,3.61,30.442,,6/14/23,0.15,25.59,1.24,2.77
Cabral_BlankD6_Dil1_Light,1,0,N/A,0,0,56.1,37.1,-77.2,8.09,58.7,3.6,30.465,,6/14/23,,,,
Cabral_BlankD6_Dil2_Light,2,0.01,N/A,0,0,56.2,37.2,-77.8,8.1,60,3.68,30.4,,6/14/23,,,,
Cabral_BlankD6_Dil3_Light,3,0.03,N/A,0,0,56.1,37.1,-78.3,8.11,59.2,3.63,30.339,,6/14/23,,,,
Cabral_BlankD6_Dil4_Light,4,0.05,N/A,0,0,56.1,37.1,-79.2,8.12,59.7,3.67,30.291,,6/14/23,,,,
Cabral_BlankD6_Dil5_Light,5,0.1,N/A,0,0,56.1,37.1,-76.5,8.08,57,3.5,30.269,,6/14/23,,,,
Cabral_BlankD6_Dil6_Light,6,0.5,N/A,0,0,55.8,36.8,-79,8.12,59.7,3.67,30.273,,6/14/23,,,,
Cabral_BlankD6_Dil7_Light,7,1,N/A,0,0,55.4,36.7,-77.2,8.09,56.2,3.5,29.582,,6/14/23,,,,
Cabral_BlankD6_Dil8_Light,8,2,N/A,0,0,55.1,36.4,-77.3,8.09,60.1,3.71,30.059,,6/14/23,,,,
Cabral_BlankD6_Dil9_Light,9,4,N/A,0,0,54.4,35.8,-76.8,8.08,58.6,3.61,30.442,,6/14/23,,,,
Cabral_BlankD6_Dil1_Dark,1,0,N/A,0,0,56.1,37.1,-77.2,8.09,58.7,3.6,30.465,,6/14/23,,,,
Cabral_BlankD6_Dil2_Dark,2,0.01,N/A,0,0,56.2,37.2,-77.8,8.1,60,3.68,30.4,,6/14/23,,,,
Cabral_BlankD6_Dil3_Dark,3,0.03,N/A,0,0,56.1,37.1,-78.3,8.11,59.2,3.63,30.339,,6/14/23,,,,
Cabral_BlankD6_Dil4_Dark,4,0.05,N/A,0,0,56.1,37.1,-79.2,8.12,59.7,3.67,30.291,,6/14/23,,,,
Cabral_BlankD6_Dil5_Dark,5,0.1,N/A,0,0,56.1,37.1,-76.5,8.08,57,3.5,30.269,,6/14/23,,,,
Cabral_BlankD6_Dil6_Dark,6,0.5,N/A,0,0,55.8,36.8,-79,8.12,59.7,3.67,30.273,,6/14/23,,,,
Cabral_BlankD6_Dil7_Dark,7,1,N/A,0,0,55.4,36.7,-77.2,8.09,56.2,3.5,29.582,,6/14/23,,,,
Cabral_BlankD6_Dil8_Dark,8,2,N/A,0,0,55.1,36.4,-77.3,8.09,60.1,3.71,30.059,,6/14/23,,,,
Cabral_BlankD6_Dil9_Dark,9,4,N/A,0,0,54.4,35.8,-76.8,8.08,58.6,3.61,30.442,,6/14/23,,,,
Cabral_Col12_Dil1_Light,1,0,15.175,3,49.99479,56.1,37.1,-77.2,8.09,58.7,3.6,30.465,,6/14/23,0.04,3.21,0.18,2.56
Cabral_Col12_Dil2_Light,2,0.01,14.2964,1,56.42188,56.2,37.2,-77.8,8.1,60,3.68,30.4,,6/14/23,0.06,3.71,0.15,1.49
Cabral_Col12_Dil3_Light,3,0.03,30.861,11,83.47396,56.1,37.1,-78.3,8.11,59.2,3.63,30.339,,6/14/23,0.06,3.36,0.19,0.78
Cabral_Col12_Dil4_Light,4,0.05,30.2251,10,90.96354,56.1,37.1,-79.2,8.12,59.7,3.67,30.291,,6/14/23,0.06,2.54,0.25,13.51
Cabral_Col12_Dil5_Light,5,0.1,18.7057,9,57.44271,56.1,37.1,-76.5,8.08,57,3.5,30.269,,6/14/23,0.04,3.24,0.15,4.43
Cabral_Col12_Dil6_Light,6,0.5,17.5437,4,60.40104,55.8,36.8,-79,8.12,59.7,3.67,30.273,,6/14/23,0.08,4.69,0.7,10.44
Cabral_Col12_Dil7_Light,7,1,23.4845,11,107.1875,55.4,36.7,-77.2,8.09,56.2,3.5,29.582,,6/14/23,0.08,8.92,1.46,8.8
Cabral_Col12_Dil8_Light,8,2,38.5353,13,124.29167,55.1,36.4,-77.3,8.09,60.1,3.71,30.059,,6/14/23,0.1,14.8,0.27,2.1
Cabral_Col12_Dil9_Light,9,4,23.8189,11,95.29688,54.4,35.8,-76.8,8.08,58.6,3.61,30.442,,6/14/23,0.15,25.59,1.24,2.77
Cabral_Col12_Dil1_Dark,1,0,15.175,3,49.99479,56.1,37.1,-77.2,8.09,58.7,3.6,30.465,,6/14/23,0.04,3.21,0.18,2.56
Cabral_Col12_Dil2_Dark,2,0.01,14.2964,1,56.42188,56.2,37.2,-77.8,8.1,60,3.68,30.4,,6/14/23,0.06,3.71,0.15,1.49
Cabral_Col12_Dil3_Dark,3,0.03,30.861,11,83.47396,56.1,37.1,-78.3,8.11,59.2,3.63,30.339,,6/14/23,0.06,3.36,0.19,0.78
Cabral_Col12_Dil4_Dark,4,0.05,30.2251,10,90.96354,56.1,37.1,-79.2,8.12,59.7,3.67,30.291,,6/14/23,0.06,2.54,0.25,13.51
Cabral_Col12_Dil5_Dark,5,0.1,18.7057,9,57.44271,56.1,37.1,-76.5,8.08,57,3.5,30.269,,6/14/23,0.04,3.24,0.15,4.43
Cabral_Col12_Dil6_Dark,6,0.5,17.5437,4,60.40104,55.8,36.8,-79,8.12,59.7,3.67,30.273,,6/14/23,0.08,4.69,0.7,10.44
Cabral_Col12_Dil7_Dark,7,1,23.4845,11,107.1875,55.4,36.7,-77.2,8.09,56.2,3.5,29.582,,6/14/23,0.08,8.92,1.46,8.8
Cabral_Col12_Dil8_Dark,8,2,38.5353,13,124.29167,55.1,36.4,-77.3,8.09,60.1,3.71,30.059,,6/14/23,0.1,14.8,0.27,2.1
Cabral_Col12_Dil9_Dark,9,4,23.8189,11,95.29688,54.4,35.8,-76.8,8.08,58.6,3.61,30.442,,6/14/23,0.15,25.59,1.24,2.77
Varari_Col1_Dil1_Light,1,0,20.6889,9,55.1875,56.2,37.3,-75.8,8.06,69,4.42,27.714,8.09,6/14/23,0.03,4.88,2.52,4.96
Varari_Col1_Dil2_Light,2,0.01,21.364,10,71.65104,56.3,37.4,-77.4,8.09,70.3,4.51,27.764,8.1,6/14/23,0.06,4.51,4.67,4.07
Varari_Col1_Dil3_Light,3,0.03,25.9042,11,98.76563,56.3,37.4,-76.3,8.07,69.5,4.45,27.81,8.1,6/14/23,0.07,4.53,3.03,4.95
Varari_Col1_Dil4_Light,4,0.05,25.0998,12,92.44792,56.2,37.3,-75.5,8.06,69,4.41,27.795,8.1,6/14/23,0.08,4.82,1.87,3.32
Varari_Col1_Dil5_Light,5,0.1,24.2234,11,81.38542,56.2,37.3,-76,8.07,69.1,4.41,27.816,8.1,6/14/23,0.05,5.27,2.5,6.31
Varari_Col1_Dil6_Light,6,0.5,19.381,9,68.07812,56,37.1,-76,8.07,68,4.36,27.818,8.1,6/14/23,0.05,7.07,2.23,4.4
Varari_Col1_Dil7_Light,7,1,23.3229,11,120.33854,55.8,37,-75.5,8.06,68.4,4.39,27.829,8.1,6/14/23,0.07,10.06,2.58,1.99
Varari_Col1_Dil8_Light,8,2,18.0429,11,56.14063,55.3,36.6,-75.9,8.06,67.6,4.34,27.793,8.09,6/14/23,0.09,13.55,2.78,3.81
Varari_Col1_Dil9_Light,9,4,22.3262,8,80.58854,54.3,35.9,-74,8.03,62.1,4,27.887,8.09,6/14/23,0.13,22.86,3.21,5.31
Varari_Col1_Dil1_Dark,1,0,20.6889,9,55.1875,56.2,37.3,-75.8,8.06,69,4.42,27.714,8.09,6/14/23,0.03,4.88,2.52,4.96
Varari_Col1_Dil2_Dark,2,0.01,21.364,10,71.65104,56.3,37.4,-77.4,8.09,70.3,4.51,27.764,8.1,6/14/23,0.06,4.51,4.67,4.07
Varari_Col1_Dil3_Dark,3,0.03,25.9042,11,98.76563,56.3,37.4,-76.3,8.07,69.5,4.45,27.81,8.1,6/14/23,0.07,4.53,3.03,4.95
Varari_Col1_Dil4_Dark,4,0.05,25.0998,12,92.44792,56.2,37.3,-75.5,8.06,69,4.41,27.795,8.1,6/14/23,0.08,4.82,1.87,3.32
Varari_Col1_Dil5_Dark,5,0.1,24.2234,11,81.38542,56.2,37.3,-76,8.07,69.1,4.41,27.816,8.1,6/14/23,0.05,5.27,2.5,6.31
Varari_Col1_Dil6_Dark,6,0.5,19.381,9,68.07812,56,37.1,-76,8.07,68,4.36,27.818,8.1,6/14/23,0.05,7.07,2.23,4.4
Varari_Col1_Dil7_Dark,7,1,23.3229,11,120.33854,55.8,37,-75.5,8.06,68.4,4.39,27.829,8.1,6/14/23,0.07,10.06,2.58,1.99
Varari_Col1_Dil8_Dark,8,2,18.0429,11,56.14063,55.3,36.6,-75.9,8.06,67.6,4.34,27.793,8.09,6/14/23,0.09,13.55,2.78,3.81
Varari_Col1_Dil9_Dark,9,4,22.3262,8,80.58854,54.3,35.9,-74,8.03,62.1,4,27.887,8.09,6/14/23,0.13,22.86,3.21,5.31
Varari_Col2_Dil1_Light,1,0,16.4294,4,56.19271,56.2,37.3,-75.8,8.06,69,4.42,27.714,8.09,6/14/23,0.03,4.88,2.52,4.96
Varari_Col2_Dil2_Light,2,0.01,13.9719,4,64.28646,56.3,37.4,-77.4,8.09,70.3,4.51,27.764,8.1,6/14/23,0.06,4.51,4.67,4.07
Varari_Col2_Dil3_Light,3,0.03,17.0568,9,56.57813,56.3,37.4,-76.3,8.07,69.5,4.45,27.81,8.1,6/14/23,0.07,4.53,3.03,4.95
Varari_Col2_Dil4_Light,4,0.05,24.4993,11,80.22917,56.2,37.3,-75.5,8.06,69,4.41,27.795,8.1,6/14/23,0.08,4.82,1.87,3.32
Varari_Col2_Dil5_Light,5,0.1,17.1579,10,51.08854,56.2,37.3,-76,8.07,69.1,4.41,27.816,8.1,6/14/23,0.05,5.27,2.5,6.31
Varari_Col2_Dil6_Light,6,0.5,22.2006,12,90.94271,56,37.1,-76,8.07,68,4.36,27.818,8.1,6/14/23,0.05,7.07,2.23,4.4
Varari_Col2_Dil7_Light,7,1,12.5407,2,33.97396,55.8,37,-75.5,8.06,68.4,4.39,27.829,8.1,6/14/23,0.07,10.06,2.58,1.99
Varari_Col2_Dil8_Light,8,2,23.876,11,88.28125,55.3,36.6,-75.9,8.06,67.6,4.34,27.793,8.09,6/14/23,0.09,13.55,2.78,3.81
Varari_Col2_Dil9_Light,9,4,17.4408,5,60.25521,54.3,35.9,-74,8.03,62.1,4,27.887,8.09,6/14/23,0.13,22.86,3.21,5.31
Varari_Col2_Dil1_Dark,1,0,16.4294,4,56.19271,56.2,37.3,-75.8,8.06,69,4.42,27.714,8.09,6/14/23,0.03,4.88,2.52,4.96
Varari_Col2_Dil2_Dark,2,0.01,13.9719,4,64.28646,56.3,37.4,-77.4,8.09,70.3,4.51,27.764,8.1,6/14/23,0.06,4.51,4.67,4.07
Varari_Col2_Dil3_Dark,3,0.03,17.0568,9,56.57813,56.3,37.4,-76.3,8.07,69.5,4.45,27.81,8.1,6/14/23,0.07,4.53,3.03,4.95
Varari_Col2_Dil4_Dark,4,0.05,24.4993,11,80.22917,56.2,37.3,-75.5,8.06,69,4.41,27.795,8.1,6/14/23,0.08,4.82,1.87,3.32
Varari_Col2_Dil5_Dark,5,0.1,17.1579,10,51.08854,56.2,37.3,-76,8.07,69.1,4.41,27.816,8.1,6/14/23,0.05,5.27,2.5,6.31
Varari_Col2_Dil6_Dark,6,0.5,22.2006,12,90.94271,56,37.1,-76,8.07,68,4.36,27.818,8.1,6/14/23,0.05,7.07,2.23,4.4
Varari_Col2_Dil7_Dark,7,1,12.5407,2,33.97396,55.8,37,-75.5,8.06,68.4,4.39,27.829,8.1,6/14/23,0.07,10.06,2.58,1.99
Varari_Col2_Dil8_Dark,8,2,23.876,11,88.28125,55.3,36.6,-75.9,8.06,67.6,4.34,27.793,8.09,6/14/23,0.09,13.55,2.78,3.81
Varari_Col2_Dil9_Dark,9,4,17.4408,5,60.25521,54.3,35.9,-74,8.03,62.1,4,27.887,8.09,6/14/23,0.13,22.86,3.21,5.31
Varari_Col3_Dil1_Light,1,0,21.6406,10,88.76563,56.2,37.3,-75.8,8.06,69,4.42,27.714,8.09,6/14/23,,,,
Varari_Col3_Dil2_Light,2,0.01,27.1727,11,132.0625,56.3,37.4,-77.4,8.09,70.3,4.51,27.764,8.1,6/14/23,,,,
Varari_Col3_Dil3_Light,3,0.03,16.6391,15,61.47396,56.3,37.4,-76.3,8.07,69.5,4.45,27.81,8.1,6/14/23,,,,
Varari_Col3_Dil4_Light,4,0.05,25.2192,11,96.69271,56.2,37.3,-75.5,8.06,69,4.41,27.795,8.1,6/14/23,,,,
Varari_Col3_Dil5_Light,5,0.1,23.7116,10,95.69271,56.2,37.3,-76,8.07,69.1,4.41,27.816,8.1,6/14/23,,,,
Varari_Col3_Dil6_Light,6,0.5,15.7236,3,46.25521,56,37.1,-76,8.07,68,4.36,27.818,8.1,6/14/23,,,,
Varari_Col3_Dil7_Light,7,1,18.3135,11,56.53646,55.8,37,-75.5,8.06,68.4,4.39,27.829,8.1,6/14/23,,,,
Varari_Col3_Dil8_Light,8,2,20.506,11,95.64062,55.3,36.6,-75.9,8.06,67.6,4.34,27.793,8.09,6/14/23,,,,
Varari_Col3_Dil9_Light,9,4,19.2976,11,90.26563,54.3,35.9,-74,8.03,62.1,4,27.887,8.09,6/14/23,,,,
Varari_Col3_Dil1_Dark,1,0,21.6406,10,88.76563,56.2,37.3,-75.8,8.06,69,4.42,27.714,8.09,6/14/23,,,,
Varari_Col3_Dil2_Dark,2,0.01,27.1727,11,132.0625,56.3,37.4,-77.4,8.09,70.3,4.51,27.764,8.1,6/14/23,,,,
Varari_Col3_Dil3_Dark,3,0.03,16.6391,15,61.47396,56.3,37.4,-76.3,8.07,69.5,4.45,27.81,8.1,6/14/23,,,,
Varari_Col3_Dil4_Dark,4,0.05,25.2192,11,96.69271,56.2,37.3,-75.5,8.06,69,4.41,27.795,8.1,6/14/23,,,,
Varari_Col3_Dil5_Dark,5,0.1,23.7116,10,95.69271,56.2,37.3,-76,8.07,69.1,4.41,27.816,8.1,6/14/23,,,,
Varari_Col3_Dil6_Dark,6,0.5,15.7236,3,46.25521,56,37.1,-76,8.07,68,4.36,27.818,8.1,6/14/23,,,,
Varari_Col3_Dil7_Dark,7,1,18.3135,11,56.53646,55.8,37,-75.5,8.06,68.4,4.39,27.829,8.1,6/14/23,,,,
Varari_Col3_Dil8_Dark,8,2,20.506,11,95.64062,55.3,36.6,-75.9,8.06,67.6,4.34,27.793,8.09,6/14/23,,,,
Varari_Col3_Dil9_Dark,9,4,19.2976,11,90.26563,54.3,35.9,-74,8.03,62.1,4,27.887,8.09,6/14/23,,,,
Varari_BlankD1_Dil1_Light,1,0,N/A,0,0,56.2,37.3,-75.8,8.06,69,4.42,27.714,8.09,6/14/23,,,,
Varari_BlankD1_Dil2_Light,2,0.01,N/A,0,0,56.3,37.4,-77.4,8.09,70.3,4.51,27.764,8.1,6/14/23,,,,
Varari_BlankD1_Dil3_Light,3,0.03,N/A,0,0,56.3,37.4,-76.3,8.07,69.5,4.45,27.81,8.1,6/14/23,,,,
Varari_BlankD1_Dil4_Light,4,0.05,N/A,0,0,56.2,37.3,-75.5,8.06,69,4.41,27.795,8.1,6/14/23,,,,
Varari_BlankD1_Dil5_Light,5,0.1,N/A,0,0,56.2,37.3,-76,8.07,69.1,4.41,27.816,8.1,6/14/23,,,,
Varari_BlankD1_Dil6_Light,6,0.5,N/A,0,0,56,37.1,-76,8.07,68,4.36,27.818,8.1,6/14/23,,,,
Varari_BlankD1_Dil7_Light,7,1,N/A,0,0,55.8,37,-75.5,8.06,68.4,4.39,27.829,8.1,6/14/23,,,,
Varari_BlankD1_Dil8_Light,8,2,N/A,0,0,55.3,36.6,-75.9,8.06,67.6,4.34,27.793,8.09,6/14/23,,,,
Varari_BlankD1_Dil9_Light,9,4,N/A,0,0,54.3,35.9,-74,8.03,62.1,4,27.887,8.09,6/14/23,,,,
Varari_rerunBlankD1_Dil7_Light,7,1,N/A,0,0,56.2,37.3,-75.8,8.06,69,4.42,27.714,8.1,6/14/23,,,,
Varari_BlankD1_Dil1_Dark,1,0,N/A,0,0,56.3,37.4,-77.4,8.09,70.3,4.51,27.764,8.09,6/14/23,,,,
Varari_BlankD1_Dil2_Dark,2,0.01,N/A,0,0,56.3,37.4,-76.3,8.07,69.5,4.45,27.81,8.1,6/14/23,,,,
Varari_BlankD1_Dil3_Dark,3,0.03,N/A,0,0,56.2,37.3,-75.5,8.06,69,4.41,27.795,8.1,6/14/23,,,,
Varari_BlankD1_Dil4_Dark,4,0.05,N/A,0,0,56.2,37.3,-76,8.07,69.1,4.41,27.816,8.1,6/14/23,,,,
Varari_BlankD1_Dil5_Dark,5,0.1,N/A,0,0,56,37.1,-76,8.07,68,4.36,27.818,8.1,6/14/23,,,,
Varari_BlankD1_Dil6_Dark,6,0.5,N/A,0,0,55.8,37,-75.5,8.06,68.4,4.39,27.829,8.1,6/14/23,,,,
Varari_BlankD1_Dil7_Dark,7,1,N/A,0,0,55.3,36.6,-75.9,8.06,67.6,4.34,27.793,8.1,6/14/23,,,,
Varari_BlankD1_Dil8_Dark,8,2,N/A,0,0,54.3,35.9,-74,8.03,62.1,4,27.887,8.09,6/14/23,,,,
Varari_BlankD1_Dil9_Dark,9,4,N/A,0,0,55.3,36.6,-75.9,8.06,67.6,4.34,27.793,8.09,6/14/23,,,,
Varari_rerunBlankD1_Dil7_Dark,7,1,N/A,0,0,54.3,35.9,-74,8.03,62.1,4,27.887,8.1,6/14/23,,,,
Varari_Col4_Dil1_Light,1,0,26.6907,10,100.39062,55,36.4,-77.8,8.09,75.8,4.81,28.695,,6/14/23,,,,
Varari_Col4_Dil2_Light,2,0.01,36.2514,13,156.07813,55.5,36.7,-72.6,8.01,78,4.84,28.644,,6/14/23,,,,
Varari_Col4_Dil3_Light,3,0.03,33.4728,12,126.47917,55.5,36.7,-75.5,8.06,76,4.79,28.724,,6/14/23,,,,
Varari_Col4_Dil4_Light,4,0.05,NA,12,0,55.1,36.5,-75.8,8.06,75.8,4.74,28.809,,6/14/23,,,,
Varari_Col4_Dil5_Light,5,0.1,24.1897,5,72.05729,55.4,36.6,-76.1,8.07,74.5,4.67,28.728,,6/14/23,,,,
Varari_Col4_Dil6_Light,6,0.5,18.901,5,91.09896,55.2,36.5,-76.8,8.08,74.4,4.66,28.782,,6/14/23,,,,
Varari_Col4_Dil7_Light,7,1,21.491,5,72.91146,54.7,36.1,-78.1,8.1,73.1,4.62,28.788,,6/14/23,,,,
Varari_Col4_Dil8_Light,8,2,20.6091,10,82.91146,54.5,36,-76.4,8.07,72,4.53,28.741,,6/14/23,,,,
Varari_Col4_Dil9_Light,9,4,29.938,11,123.58333,53.5,35.3,-76.1,8.06,71,4.51,28.826,,6/14/23,,,,
Varari_Col4_Dil1_Dark,1,0,26.6907,10,100.39062,55,36.4,-77.8,8.09,75.8,4.81,28.695,,6/14/23,,,,
Varari_Col4_Dil2_Dark,2,0.01,36.2514,13,156.07813,55.5,36.7,-72.6,8.01,78,4.84,28.644,,6/14/23,,,,
Varari_Col4_Dil3_Dark,3,0.03,33.4728,12,126.47917,55.5,36.7,-75.5,8.06,76,4.79,28.724,,6/14/23,,,,
Varari_Col4_Dil4_Dark,4,0.05,NA,12,0,55.1,36.5,-75.8,8.06,75.8,4.74,28.809,,6/14/23,,,,
Varari_Col4_Dil5_Dark,5,0.1,24.1897,5,72.05729,55.4,36.6,-76.1,8.07,74.5,4.67,28.728,,6/14/23,,,,
Varari_Col4_Dil6_Dark,6,0.5,18.901,5,91.09896,55.2,36.5,-76.8,8.08,74.4,4.66,28.782,,6/14/23,,,,
Varari_Col4_Dil7_Dark,7,1,21.491,5,72.91146,54.7,36.1,-78.1,8.1,73.1,4.62,28.788,,6/14/23,,,,
Varari_Col4_Dil8_Dark,8,2,20.6091,10,82.91146,54.5,36,-76.4,8.07,72,4.53,28.741,,6/14/23,,,,
Varari_Col4_Dil9_Dark,9,4,29.938,11,123.58333,53.5,35.3,-76.1,8.06,71,4.51,28.826,,6/14/23,,,,
Varari_BlankD2_Dil1_Light,1,0,N/A,0,0,55,36.4,-77.8,8.09,75.8,4.81,28.695,,6/14/23,,,,
Varari_BlankD2_Dil2_Light,2,0.01,N/A,0,0,55.5,36.7,-72.6,8.01,78,4.84,28.644,,6/14/23,,,,
Varari_BlankD3_Dil3_Light,3,0.03,N/A,0,0,55.5,36.7,-75.5,8.06,76,4.79,28.724,,6/14/23,,,,
Varari_BlankD2_Dil4_Light,4,0.05,N/A,0,0,55.1,36.5,-75.8,8.06,75.8,4.74,28.809,,6/14/23,,,,
Varari_BlankD2_Dil5_Light,5,0.1,N/A,0,0,55.4,36.6,-76.1,8.07,74.5,4.67,28.728,,6/14/23,,,,
Varari_BlankD2_Dil6_Light,6,0.5,N/A,0,0,55.2,36.5,-76.8,8.08,74.4,4.66,28.782,,6/14/23,,,,
Varari_BlankD2_Dil7_Light,7,1,N/A,0,0,54.7,36.1,-78.1,8.1,73.1,4.62,28.788,,6/14/23,,,,
Varari_BlankD2_Dil8_Light,8,2,N/A,0,0,54.5,36,-76.4,8.07,72,4.53,28.741,,6/14/23,,,,
Varari_BlankD2_Dil9_Light,9,4,N/A,0,0,53.5,35.3,-76.1,8.06,71,4.51,28.826,,6/14/23,,,,
Varari_BlankD2_Dil1_Dark,1,0,N/A,0,0,55,36.4,-77.8,8.09,75.8,4.81,28.695,,6/14/23,,,,
Varari_BlankD2_Dil2_Dark,2,0.01,N/A,0,0,55.5,36.7,-72.6,8.01,78,4.84,28.644,,6/14/23,,,,
Varari_BlankD2_Dil3_Dark,3,0.03,N/A,0,0,55.5,36.7,-75.5,8.06,76,4.79,28.724,,6/14/23,,,,
Varari_BlankD2_Dil4_Dark,4,0.05,N/A,0,0,55.1,36.5,-75.8,8.06,75.8,4.74,28.809,,6/14/23,,,,
Varari_BlankD2_Dil5_Dark,5,0.1,N/A,0,0,55.4,36.6,-76.1,8.07,74.5,4.67,28.728,,6/14/23,,,,
Varari_BlankD2_Dil6_Dark,6,0.5,N/A,0,0,55.2,36.5,-76.8,8.08,74.4,4.66,28.782,,6/14/23,,,,
Varari_BlankD2_Dil7_Dark,7,1,N/A,0,0,54.7,36.1,-78.1,8.1,73.1,4.62,28.788,,6/14/23,,,,
Varari_BlankD2_Dil8_Dark,8,2,N/A,0,0,54.5,36,-76.4,8.07,72,4.53,28.741,,6/14/23,,,,
Varari_BlankD2_Dil9_Dark,9,4,N/A,0,0,53.5,35.3,-76.1,8.06,71,4.51,28.826,,6/14/23,,,,
Varari_Col5_Dil1_Light,1,0,16.1931,5,53.38021,55.1,36.4,-77.6,8.09,70.41,4.24,29.092,8.14,6/14/23,,,,
Varari_Col5_Dil2_Light,2,0.01,16.9069,11,61.73437,55.1,36.4,-79,8.11,61.4,3.91,29.187,8.15,6/14/23,,,,
Varari_Col5_Dil3_Light,3,0.03,19.424,9,69.38021,55,36.3,-79.4,8.12,64.2,4.02,29.115,8.16,6/14/23,,,,
Varari_Col5_Dil4_Light,4,0.05,20.1844,10,70.35938,55,36.3,-78.9,8.11,65.1,4.04,29.11,8.15,6/14/23,,,,
Varari_Col5_Dil5_Light,5,0.1,19.9081,10,73.73437,55,36.3,-79.2,8.12,65.5,4.13,29.156,8.15,6/14/23,,,,
Varari_Col5_Dil6_Light,6,0.5,30.8928,13,126.63021,54.8,36.2,-77.9,8.09,66,4.15,29.155,8.16,6/14/23,,,,
Varari_Col5_Dil7_Light,7,1,26.7096,12,110.69271,54.6,36,-77.6,8.09,66.6,4.19,29.13,8.15,6/14/23,,,,
Varari_Col5_Dil8_Light,8,2,22.3494,11,96.80208,54.3,35.9,-78.5,8.1,67.5,4.25,28.909,8.14,6/14/23,,,,
Varari_Col5_Dil9_Light,9,4,18.6488,7,72.02083,53.2,35,-78.6,8.11,68,4.3,29.067,8.14,6/14/23,,,,
Varari_Col5_Dil1_Dark,1,0,16.1931,5,53.38021,55.1,36.4,-77.6,8.09,70.41,4.24,29.092,8.14,6/14/23,,,,
Varari_Col5_Dil2_Dark,2,0.01,16.9069,11,61.73437,55.1,36.4,-79,8.11,61.4,3.91,29.187,8.15,6/14/23,,,,
Varari_Col5_Dil3_Dark,3,0.03,19.424,9,69.38021,55,36.3,-79.4,8.12,64.2,4.02,29.115,8.16,6/14/23,,,,
Varari_Col5_Dil4_Dark,4,0.05,20.1844,10,70.35938,55,36.3,-78.9,8.11,65.1,4.04,29.11,8.15,6/14/23,,,,
Varari_Col5_Dil5_Dark,5,0.1,19.9081,10,73.73437,55,36.3,-79.2,8.12,65.5,4.13,29.156,8.15,6/14/23,,,,
Varari_Col5_Dil6_Dark,6,0.5,30.8928,13,126.63021,54.8,36.2,-77.9,8.09,66,4.15,29.155,8.16,6/14/23,,,,
Varari_Col5_Dil7_Dark,7,1,26.7096,12,110.69271,54.6,36,-77.6,8.09,66.6,4.19,29.13,8.15,6/14/23,,,,
Varari_Col5_Dil8_Dark,8,2,22.3494,11,96.80208,54.3,35.9,-78.5,8.1,67.5,4.25,28.909,8.14,6/14/23,,,,
Varari_Col5_Dil9_Dark,9,4,18.6488,7,72.02083,53.2,35,-78.6,8.11,68,4.3,29.067,8.14,6/14/23,,,,
Varari_Col6_Dil1_Light,1,0,18.3149,10,72.28646,55.1,36.4,-77.6,8.09,70.41,4.24,29.092,8.14,6/14/23,,,,
Varari_Col6_Dil2_Light,2,0.01,16.6338,6,51.95312,55.1,36.4,-79,8.11,61.4,3.91,29.187,8.15,6/14/23,,,,
Varari_Col6_Dil3_Light,3,0.03,19.295,6,66.79688,55,36.3,-79.4,8.12,64.2,4.02,29.115,8.16,6/14/23,,,,
Varari_Col6_Dil4_Light,4,0.05,15.5725,9,56.29167,55,36.3,-78.9,8.11,65.1,4.04,29.11,8.15,6/14/23,,,,
Varari_Col6_Dil5_Light,5,0.1,26.1319,12,107.05208,55,36.3,-79.2,8.12,65.5,4.13,29.156,8.15,6/14/23,,,,
Varari_Col6_Dil6_Light,6,0.5,26.6088,11,67.83333,54.8,36.2,-77.9,8.09,66,4.15,29.155,8.16,6/14/23,,,,
Varari_Col6_Dil7_Light,7,1,17.4999,14,48.27604,54.6,36,-77.6,8.09,66.6,4.19,29.13,8.15,6/14/23,,,,
Varari_Col6_Dil8_Light,8,2,19.9363,10,64.18229,54.3,35.9,-78.5,8.1,67.5,4.25,28.909,8.14,6/14/23,,,,
Varari_Col6_Dil9_Light,9,4,22.9699,2,99.94792,53.2,35,-78.6,8.11,68,4.3,29.067,8.14,6/14/23,,,,
Varari_Col6_Dil1_Dark,1,0,18.3149,10,72.28646,55.1,36.4,-77.6,8.09,70.41,4.24,29.092,8.14,6/14/23,,,,
Varari_Col6_Dil2_Dark,2,0.01,16.6338,6,51.95312,55.1,36.4,-79,8.11,61.4,3.91,29.187,8.15,6/14/23,,,,
Varari_Col6_Dil3_Dark,3,0.03,19.295,6,66.79688,55,36.3,-79.4,8.12,64.2,4.02,29.115,8.16,6/14/23,,,,
Varari_Col6_Dil4_Dark,4,0.05,15.5725,9,56.29167,55,36.3,-78.9,8.11,65.1,4.04,29.11,8.15,6/14/23,,,,
Varari_Col6_Dil5_Dark,5,0.1,26.1319,12,107.05208,55,36.3,-79.2,8.12,65.5,4.13,29.156,8.15,6/14/23,,,,
Varari_Col6_Dil6_Dark,6,0.5,26.6088,11,67.83333,54.8,36.2,-77.9,8.09,66,4.15,29.155,8.16,6/14/23,,,,
Varari_Col6_Dil7_Dark,7,1,17.4999,14,48.27604,54.6,36,-77.6,8.09,66.6,4.19,29.13,8.15,6/14/23,,,,
Varari_Col6_Dil8_Dark,8,2,19.9363,10,64.18229,54.3,35.9,-78.5,8.1,67.5,4.25,28.909,8.14,6/14/23,,,,
Varari_Col6_Dil9_Dark,9,4,22.9699,2,99.94792,53.2,35,-78.6,8.11,68,4.3,29.067,8.14,6/14/23,,,,
Varari_BlankD3_Dil1_Light,1,0,N/A,0,0,55.1,36.4,-77.6,8.09,70.41,4.24,29.092,8.14,6/14/23,,,,
Varari_BlankD3_Dil2_Light,2,0.01,N/A,0,0,55.1,36.4,-79,8.11,61.4,3.91,29.187,8.15,6/14/23,,,,
Varari_BlankD3_Dil3_Light,3,0.03,N/A,0,0,55,36.3,-79.4,8.12,64.2,4.02,29.115,8.16,6/14/23,,,,
Varari_BlankD3_Dil4_Light,4,0.05,N/A,0,0,55,36.3,-78.9,8.11,65.1,4.04,29.11,8.15,6/14/23,,,,
Varari_BlankD3_Dil5_Light,5,0.1,N/A,0,0,55,36.3,-79.2,8.12,65.5,4.13,29.156,8.15,6/14/23,,,,
Varari_BlankD3_Dil6_Light,6,0.5,N/A,0,0,54.8,36.2,-77.9,8.09,66,4.15,29.155,8.16,6/14/23,,,,
Varari_BlankD3_Dil7_Light,7,1,N/A,0,0,54.6,36,-77.6,8.09,66.6,4.19,29.13,8.15,6/14/23,,,,
Varari_BlankD3_Dil8_Light,8,2,N/A,0,0,54.3,35.9,-78.5,8.1,67.5,4.25,28.909,8.14,6/14/23,,,,
Varari_BlankD3_Dil9_Light,9,4,N/A,0,0,53.2,35,-78.6,8.11,68,4.3,29.067,8.14,6/14/23,,,,
Varari_BlankD3_Dil1_Dark,1,0,N/A,0,0,55.1,36.4,-77.6,8.09,70.41,4.24,29.092,8.14,6/14/23,,,,
Varari_BlankD3_Dil2_Dark,2,0.01,N/A,0,0,55.1,36.4,-79,8.11,61.4,3.91,29.187,8.15,6/14/23,,,,
Varari_BlankD3_Dil3_Dark,3,0.03,N/A,0,0,55,36.3,-79.4,8.12,64.2,4.02,29.115,8.16,6/14/23,,,,
Varari_BlankD3_Dil4_Dark,4,0.05,N/A,0,0,55,36.3,-78.9,8.11,65.1,4.04,29.11,8.15,6/14/23,,,,
Varari_BlankD3_Dil5_Dark,5,0.1,N/A,0,0,55,36.3,-79.2,8.12,65.5,4.13,29.156,8.15,6/14/23,,,,
Varari_BlankD3_Dil6_Dark,6,0.5,N/A,0,0,54.8,36.2,-77.9,8.09,66,4.15,29.155,8.16,6/14/23,,,,
Varari_BlankD3_Dil7_Dark,7,1,N/A,0,0,54.6,36,-77.6,8.09,66.6,4.19,29.13,8.15,6/14/23,,,,
Varari_BlankD3_Dil8_Dark,8,2,N/A,0,0,54.3,35.9,-78.5,8.1,67.5,4.25,28.909,8.14,6/14/23,,,,
Varari_BlankD3_Dil9_Dark,9,4,N/A,0,0,53.2,35,-78.6,8.11,68,4.3,29.067,8.14,6/14/23,,,,
Varari_Col7_Dil1_Light,1,0,22.4449,9,74.4375,55.1,36.4,-77.1,8.08,62.1,3.95,28.503,8.12,6/14/23,0.03,2.45,0.6,4.44
Varari_Col7_Dil2_Light,2,0.01,25.1443,12,99.54687,55.1,36.4,-75.1,8.05,60.6,3.85,27.7,8.14,6/14/23,0.06,2.55,0.72,1.64
Varari_Col7_Dil3_Light,3,0.03,36.0631,12,116.26042,55,36.4,-78.3,8.1,63.1,4,28.492,8.15,6/14/23,0.11,2.39,0.83,1.67
Varari_Col7_Dil4_Light,4,0.05,26.9989,10,110.28646,55,36.4,-78,8.1,61.4,3.93,27.717,8.15,6/14/23,0.06,2.24,0.47,2.25
Varari_Col7_Dil5_Light,5,0.1,21.4893,10,74.61979,55.1,36.5,-78.3,8.11,65.5,4.2,27.629,8.13,6/14/23,0.05,2.68,0.7,3.11
Varari_Col7_Dil6_Light,6,0.5,22.3328,10,64.10417,54.9,36.3,-79.4,8.12,69.1,4.39,27.767,8.13,6/14/23,0.08,5.11,0.76,2.35
Varari_Col7_Dil7_Light,7,1,22.9663,8,67.78125,54.5,36,-80.8,8.15,68.8,4.4,27.83,8.15,6/14/23,0.08,6.75,0.86,0.98
Varari_Col7_Dil8_Light,8,2,31.9064,13,103.375,54.4,36,-77,8.08,65,4.2,27.54,8.12,6/14/23,0.09,11.23,1.13,1.51
Varari_Col7_Dil9_Light,9,4,36.0579,12,113.77604,53.5,35.2,-75.3,8.06,64.5,4.17,27.611,8.12,6/14/23,0.12,21.43,2.05,9.87
Varari_Col7_Dil1_Dark,1,0,22.4449,9,74.4375,55.1,36.4,-77.1,8.08,62.1,3.95,28.503,8.12,6/14/23,0.03,2.45,0.6,4.44
Varari_Col7_Dil2_Dark,2,0.01,25.1443,12,99.54687,55.1,36.4,-75.1,8.05,60.6,3.85,27.7,8.14,6/14/23,0.06,2.55,0.72,1.64
Varari_Col7_Dil3_Dark,3,0.03,36.0631,12,116.26042,55,36.4,-78.3,8.1,63.1,4,28.492,8.15,6/14/23,0.11,2.39,0.83,1.67
Varari_Col7_Dil4_Dark,4,0.05,26.9989,10,110.28646,55,36.4,-78,8.1,61.4,3.93,27.717,8.15,6/14/23,0.06,2.24,0.47,2.25
Varari_Col7_Dil5_Dark,5,0.1,21.4893,10,74.61979,55.1,36.5,-78.3,8.11,65.5,4.2,27.629,8.13,6/14/23,0.05,2.68,0.7,3.11
Varari_Col7_Dil6_Dark,6,0.5,22.3328,10,64.10417,54.9,36.3,-79.4,8.12,69.1,4.39,27.767,8.13,6/14/23,0.08,5.11,0.76,2.35
Varari_Col7_Dil7_Dark,7,1,22.9663,8,67.78125,54.5,36,-80.8,8.15,68.8,4.4,27.83,8.15,6/14/23,0.08,6.75,0.86,0.98
Varari_Col7_Dil8_Dark,8,2,31.9064,13,103.375,54.4,36,-77,8.08,65,4.2,27.54,8.12,6/14/23,0.09,11.23,1.13,1.51
Varari_Col7_Dil9_Dark,9,4,36.0579,12,113.77604,53.5,35.2,-75.3,8.06,64.5,4.17,27.611,8.12,6/14/23,0.12,21.43,2.05,9.87
Varari_Col8_Dil1_Light,1,0,26.1967,12,101.45313,55.1,36.4,-77.1,8.08,62.1,3.95,28.503,8.12,6/14/23,0.03,2.45,0.6,4.44
Varari_Col8_Dil2_Light,2,0.01,29.2357,12,113.25521,55.1,36.4,-75.1,8.05,60.6,3.85,27.7,8.14,6/14/23,0.06,2.55,0.72,1.64
Varari_Col8_Dil3_Light,3,0.03,36.7845,14,163.99479,55,36.4,-78.3,8.1,63.1,4,28.492,8.15,6/14/23,0.11,2.39,0.83,1.67
Varari_Col8_Dil4_Light,4,0.05,30.2097,12,111.09896,55,36.4,-78,8.1,61.4,3.93,27.717,8.15,6/14/23,0.06,2.24,0.47,2.25
Varari_Col8_Dil5_Light,5,0.1,22.4056,9,82.60937,55.1,36.5,-78.3,8.11,65.5,4.2,27.629,8.13,6/14/23,0.05,2.68,0.7,3.11
Varari_Col8_Dil6_Light,6,0.5,24.1318,12,238.71354,54.9,36.3,-79.4,8.12,69.1,4.39,27.767,8.13,6/14/23,0.08,5.11,0.76,2.35
Varari_Col8_Dil7_Light,7,1,27.0498,10,0,54.5,36,-80.8,8.15,68.8,4.4,27.83,8.15,6/14/23,0.08,6.75,0.86,0.98
Varari_Col8_Dil8_Light,8,2,28.9338,12,114.04687,54.4,36,-77,8.08,65,4.2,27.54,8.12,6/14/23,0.09,11.23,1.13,1.51
Varari_Col8_Dil9_Light,9,4,25.624,12,85.45833,53.5,35.2,-75.3,8.06,64.5,4.17,27.611,8.12,6/14/23,0.12,21.43,2.05,9.87
Varari_Col8_Dil1_Dark,1,0,26.1967,12,101.45313,55.1,36.4,-77.1,8.08,62.1,3.95,28.503,8.12,6/14/23,0.03,2.45,0.6,4.44
Varari_Col8_Dil2_Dark,2,0.01,29.2357,12,113.25521,55.1,36.4,-75.1,8.05,60.6,3.85,27.7,8.14,6/14/23,0.06,2.55,0.72,1.64
Varari_Col8_Dil3_Dark,3,0.03,36.7845,14,163.99479,55,36.4,-78.3,8.1,63.1,4,28.492,8.15,6/14/23,0.11,2.39,0.83,1.67
Varari_Col8_Dil4_Dark,4,0.05,30.2097,12,111.09896,55,36.4,-78,8.1,61.4,3.93,27.717,8.15,6/14/23,0.06,2.24,0.47,2.25
Varari_Col8_Dil5_Dark,5,0.1,22.4056,9,82.60937,55.1,36.5,-78.3,8.11,65.5,4.2,27.629,8.13,6/14/23,0.05,2.68,0.7,3.11
Varari_Col8_Dil6_Dark,6,0.5,24.1318,12,238.71354,54.9,36.3,-79.4,8.12,69.1,4.39,27.767,8.13,6/14/23,0.08,5.11,0.76,2.35
Varari_Col8_Dil7_Dark,7,1,27.0498,10,0,54.5,36,-80.8,8.15,68.8,4.4,27.83,8.15,6/14/23,0.08,6.75,0.86,0.98
Varari_Col8_Dil8_Dark,8,2,28.9338,12,114.04687,54.4,36,-77,8.08,65,4.2,27.54,8.12,6/14/23,0.09,11.23,1.13,1.51
Varari_Col8_Dil9_Dark,9,4,25.624,12,85.45833,53.5,35.2,-75.3,8.06,64.5,4.17,27.611,8.12,6/14/23,0.12,21.43,2.05,9.87
Varari_BlankD4_Dil1_Light,1,0,N/A,0,0,55.1,36.4,-77.1,8.08,62.1,3.95,28.503,8.12,6/14/23,,,,
Varari_BlankD4_Dil2_Light,2,0.01,N/A,0,0,55.1,36.4,-75.1,8.05,60.6,3.85,27.7,8.14,6/14/23,,,,
Varari_BlankD4_Dil3_Light,3,0.03,N/A,0,0,55,36.4,-78.3,8.1,63.1,4,28.492,8.15,6/14/23,,,,
Varari_BlankD4_Dil4_Light,4,0.05,N/A,0,0,55,36.4,-78,8.1,61.4,3.93,27.717,8.15,6/14/23,,,,
Varari_BlankD4_Dil5_Light,5,0.1,N/A,0,0,55.1,36.5,-78.3,8.11,65.5,4.2,27.629,8.13,6/14/23,,,,
Varari_BlankD4_Dil6_Light,6,0.5,N/A,0,0,54.9,36.3,-79.4,8.12,69.1,4.39,27.767,8.13,6/14/23,,,,
Varari_BlankD4_Dil7_Light,7,1,N/A,0,0,54.5,36,-80.8,8.15,68.8,4.4,27.83,8.15,6/14/23,,,,
Varari_BlankD4_Dil8_Light,8,2,N/A,0,0,54.4,36,-77,8.08,65,4.2,27.54,8.12,6/14/23,,,,
Varari_BlankD4_Dil9_Light,9,4,N/A,0,0,53.5,35.2,-75.3,8.06,64.5,4.17,27.611,8.12,6/14/23,,,,
Varari_BlankD4_Dil1_Dark,1,0,N/A,0,0,55.1,36.4,-77.1,8.08,62.1,3.95,28.503,8.12,6/14/23,,,,
Varari_BlankD4_Dil2_Dark,2,0.01,N/A,0,0,55.1,36.4,-75.1,8.05,60.6,3.85,27.7,8.14,6/14/23,,,,
Varari_BlankD4_Dil3_Dark,3,0.03,N/A,0,0,55,36.4,-78.3,8.1,63.1,4,28.492,8.15,6/14/23,,,,
Varari_BlankD4_Dil4_Dark,4,0.05,N/A,0,0,55,36.4,-78,8.1,61.4,3.93,27.717,8.15,6/14/23,,,,
Varari_BlankD4_Dil5_Dark,5,0.1,N/A,0,0,55.1,36.5,-78.3,8.11,65.5,4.2,27.629,8.13,6/14/23,,,,
Varari_BlankD4_Dil6_Dark,6,0.5,N/A,0,0,54.9,36.3,-79.4,8.12,69.1,4.39,27.767,8.13,6/14/23,,,,
Varari_BlankD4_Dil7_Dark,7,1,N/A,0,0,54.5,36,-80.8,8.15,68.8,4.4,27.83,8.15,6/14/23,,,,
Varari_BlankD4_Dil8_Dark,8,2,N/A,0,0,54.4,36,-77,8.08,65,4.2,27.54,8.12,6/14/23,,,,
Varari_BlankD4_Dil9_Dark,9,4,N/A,0,0,53.5,35.2,-75.3,8.06,64.5,4.17,27.611,8.12,6/14/23,,,,
C0_unFGW_060723,,,,,,,,,,,,,,,3.61,855.01,8.22,9.87
C0_FGW_061723,,,,,,,,,,,,,,,7.09,859.54,16.45,14.01
V0_FGW_061723,,,,,,,,,,,,,,,2.5,725.61,42.49,5.91
,,,,,,,,,,,,,,,,,,